address,
TENGAH AVENUE 1,
TENGAH AVENUE 2,
TENGAH AVENUE 3,
TENGAH STREET 1,
TENGAH STREET 2,
PUNGGOL AVENUE 1,
PUNGGOL AVENUE 2,
PUNGGOL CRESCENT,
PUNGGOL GROVE,
BIDADARI AVENUE,
BIDADARI CRESCENT,
BIDADARI DRIVE,
BIDADARI WALK,
TENGAH GARDEN DRIVE,
TENGAH GARDEN CRESCENT,
TENGAH GARDEN STREET 1,
TENGAH GARDEN STREET 2,
NORTHSHORE BOULEVARD,
NORTHSHORE AVENUE 1,
NORTHSHORE AVENUE 2,
NORTHSHORE WALK,
CANBERRA AVENUE,
CANBERRA GROVE,
CANBERRA TERRACE,
TENGAH PARK CRESCENT,
TENGAH PARK DRIVE,
TENGAH PARK WALK,
BUKIT BATOK WEST AVENUE 10,
YISHUN AVENUE 10,
YISHUN AVENUE 12,
TAMPINES AVENUE 10,
TAMPINES AVENUE 11,
TAMPINES AVENUE 13,
PUNGGOL BOULEVARD,
PUNGGOL LANE,
PUNGGOL TERRACE,
SENGKANG AVENUE 1,
SENGKANG AVENUE 2,
SENGKANG GROVE,
SENGKANG BOULEVARD,