id,address
1,BENCOOLEN STREET
2,CHOA CHU KANG AVENUE 4
3,SEGAR ROAD
4,ANSON ROAD
5,PASIR RIS GROVE
6,KALLANG WAY 5
7,LAUREL WOOD AVENUE
8,BEDOK RESERVOIR ROAD
9,NORTH BRIDGE ROAD
10,HOUGANG AVENUE 7
11,LORONG 17 GEYLANG
12,BUROH CRESCENT
13,UPPER THOMSON ROAD
14,BAYSHORE ROAD
15,MARINE PARADE ROAD
16,HOUGANG AVENUE 1
17,ORCHARD ROAD
18,HOUGANG STREET 21
19,CECIL STREET
20,TAMPINES AVENUE 12
21,ROBINSON ROAD
22,BUKIT BATOK STREET 31
23,CRAWFORD LANE
24,LENG KEE ROAD
25,KEPPEL BAY DRIVE
26,SCOTTS ROAD
27,HINDOO ROAD
28,FAJAR ROAD
29,LOWLAND ROAD
30,TAMPINES STREET 93
31,NORTH CANAL ROAD
32,LORONG CHUAN
33,ANG MO KIO AVENUE 10
34,IRVING PLACE
35,LORONG 40 GEYLANG
36,DUNLOP STREET
37,KAMPONG BAHRU ROAD
38,STRATHMORE AVENUE
39,GOLDHILL PLAZA
40,TRAS STREET
41,LORONG G TELOK KURAU
42,BUKIT BATOK WEST AVENUE 6
43,WOODLANDS DRIVE 16
44,EAST COAST ROAD
45,PANDAN VALLEY
46,JALAN KLAPA
47,CHOA CHU KANG CENTRAL
48,KITCHENER ROAD
49,CHOA CHU KANG STREET 52
50,HOKIEN STREET
51,TAI SENG LINK
52,KILLINEY ROAD
53,UPPER SERANGOON ROAD
54,TEMASEK BOULEVARD
55,PASIR RIS DRIVE 6
56,WOODLANDS TERRACE
57,UBI ROAD 1
58,COLEMAN STREET
59,COMMONWEALTH AVENUE WEST
60,WEST COAST HIGHWAY
61,TEMPLE STREET
62,SOMERSET ROAD
63,WOODLANDS STREET 32
64,CARPENTER STREET
65,MARSILING LANE
66,MOONSTONE LANE
67,WOODLANDS INDUSTRIAL PARK E1
68,CHURCH STREET
69,SIN MING LANE
70,CLEMENTI AVENUE 5
71,TAMPINES STREET 21
72,HOUGANG AVENUE 10
73,SOUTH BRIDGE ROAD
74,CIRCULAR ROAD
75,TANJONG PAGAR ROAD
76,OLD TOH TUCK ROAD
77,BOON LAY WAY
78,SENGKANG WEST WAY
79,JERVOIS ROAD
80,BEACH ROAD
81,TAMPINES STREET 42
82,UBI AVENUE 1
83,PUNGGOL WALK
84,LASIA AVENUE
85,MIMOSA CRESCENT
86,BUKIT BATOK CRESCENT
87,PICKERING STREET
88,ANCHORVALE LINK
89,MAXWELL ROAD
90,JANSEN ROAD
91,VICTORIA STREET
92,NEW UPPER CHANGI ROAD
93,GUL ROAD
94,SMITH STREET
95,CEDARWOOD GROVE
96,ANG MO KIO AVENUE 5
97,NA
98,SENOKO ROAD
99,QUEENSWAY
100,GEYLANG ROAD
101,PECK SEAH STREET
102,KALLANG PUDDING ROAD
103,BEDOK NORTH AVENUE 2
104,YISHUN AVENUE 7
105,CHOA CHU KANG ROAD
106,OXLEY ROAD
107,VEERASAMY ROAD
108,HAVELOCK ROAD
109,COMPASSVALE LINK
110,JOO CHIAT ROAD
111,CHAI CHEE ROAD
112,TELOK BLANGAH CRESCENT
113,KAKI BUKIT ROAD 2
114,ORCHARD LINK
115,KIM KEAT ROAD
116,JALAN PESAWAT
117,SHAW ROAD
118,CHIN SWEE ROAD
119,CHAMPIONS WAY
120,JURONG WEST STREET 42
121,EUNOS AVENUE 7
122,BEDOK NORTH AVENUE 3
123,LEW LIAN VALE
124,WOODLANDS CLOSE
125,YISHUN STREET 71
126,CLEMENTI WEST STREET 2
127,DEFU LANE 10
128,AYER RAJAH CRESCENT
129,BATTERY ROAD
130,KAKI BUKIT ROAD 1
131,YISHUN AVENUE 11
132,TAN QUEE LAN STREET
133,GHIM MOH ROAD
134,MARINE PARADE CENTRAL
135,CHANGI BUSINESS PARK CENTRAL 1
136,KALLANG PLACE
137,YUNG SHENG ROAD
138,LORONG L TELOK KURAU
139,UPPER DICKSON ROAD
140,UBI CRESCENT
141,COLOMBO COURT
142,ANCHORVALE CRESCENT
143,YISHUN AVENUE 3
144,UPPER PAYA LEBAR ROAD
145,MOUNTBATTEN ROAD
146,JALAN BESAR
147,TANGLIN ROAD
148,SHENTON WAY
149,ALEXANDRA ROAD
150,POH HUAT ROAD
151,MANDAI ESTATE
152,UPPER EAST COAST ROAD
153,MACPHERSON ROAD
154,JURONG WEST STREET 61
155,BUKIT PASOH ROAD
156,ANN SIANG ROAD
157,TELOK BLANGAH ROAD
158,PEKIN STREET
159,JURONG WEST STREET 91
160,JALAN KUKOH
161,ALJUNIED AVENUE 2
162,BUKIT BATOK CENTRAL LINK
163,JALAN LIMBOK
164,JURONG EAST STREET 24
165,WOODLANDS INDUSTRIAL PARK E5
166,LORONG 1 TOA PAYOH
167,JURONG EAST STREET 32
168,JALAN TARI DULANG
169,RIVERVALE CRESCENT
170,RECREATION ROAD
171,YISHUN INDUSTRIAL PARK A
172,HIGH STREET
173,WOODLANDS CIRCLE
174,GEYLANG BAHRU
175,MOUNT FABER ROAD
176,HOUGANG AVENUE 8
177,BUKIT TIMAH ROAD
178,SIGLAP ROAD
179,SENGKANG CENTRAL
180,SENJA ROAD
181,TUAS AVENUE 11
182,MARKET STREET
183,AMOY STREET
184,UPPER BUKIT TIMAH ROAD
185,TECK WHYE LANE
186,HONGKONG STREET
187,TAMPINES AVENUE 4
188,FERNVALE LINK
189,CHANGI ROAD
190,CHANDER ROAD
191,SUNGEI KADUT STREET 1
192,UPPER CROSS STREET
193,HUME AVENUE
194,MCNAIR ROAD
195,TAMPINES STREET 43
196,ONAN ROAD
197,KIM TIAN ROAD
198,WILBY ROAD
199,REDHILL ROAD
200,BUKIT BATOK STREET 52
201,BALESTIER ROAD
202,OLD AIRPORT ROAD
203,BEDOK NORTH ROAD
204,BOON KENG ROAD
205,TUAS SOUTH STREET 3
206,TELOK AYER STREET
207,SERANGOON ROAD
208,KALLANG JUNCTION
209,HENDERSON ROAD
210,TAMAN PERMATA
211,JALAN SULTAN
212,SERANGOON AVENUE 3
213,NEW BRIDGE ROAD
214,TAMPINES STREET 83
215,TEMBELING ROAD
216,HOUGANG AVENUE 5
217,WOODLANDS AVENUE 6
218,STAMFORD ROAD
219,RAFFLES QUAY
220,BELIMBING AVENUE
221,CLAYMORE ROAD
222,LI HWAN DRIVE
223,HILLVIEW AVENUE
224,FRANKEL AVENUE
225,BUKIT BATOK STREET 21
226,PHILLIP STREET
227,JURONG EAST AVENUE 1
228,BUKIT MERAH VIEW
229,CHOA CHU KANG CRESCENT
230,PANDAN LOOP
231,TAI SENG AVENUE
232,JURONG WEST AVENUE 1
233,HAIG ROAD
234,EUNOS AVENUE 3
235,SENGKANG EAST WAY
236,BUROH LANE
237,HILL STREET
238,ROSEWOOD DRIVE
239,TOH TUCK CRESCENT
240,SOPHIA ROAD
241,MARINE VISTA
242,SYED ALWI ROAD
243,COLLYER QUAY
244,PAYA LEBAR ROAD
245,GUILLEMARD ROAD
246,GENTLE DRIVE
247,INTERNATIONAL BUSINESS PARK
248,JALAN MEMBINA BARAT
249,TOH GUAN ROAD EAST
250,RANGOON ROAD
251,CLEMENTI STREET 12
252,SAM LEONG ROAD
253,KAKI BUKIT AVENUE 4
254,ORCHARD BOULEVARD
255,KOVAN ROAD
256,JELAPANG ROAD
257,COLCHESTER GROVE
258,ANG MO KIO AVENUE 4
259,OUTRAM PARK
260,ENG KONG TERRACE
261,CORPORATION ROAD
262,BUROH STREET
263,CHOA CHU KANG STREET 62
264,MARINA BOULEVARD
265,CLEMENTI AVENUE 3
266,DEVONSHIRE ROAD
267,WEST COAST ROAD
268,JALAN RAJAH
269,SEMBAWANG ROAD
270,SAGO STREET
271,ALJUNIED ROAD
272,UPPER CIRCULAR ROAD
273,GRANGE ROAD
274,GULEGA ROAD
275,JALAN JURONG KECHIL
276,LORONG 12 GEYLANG
277,KOON SENG ROAD
278,BUKIT BATOK EAST AVENUE 3
279,ZEHNDER ROAD
280,SIMEI STREET 1
281,RACE COURSE ROAD
282,HOUGANG AVENUE 6
283,JALAN PEMIMPIN
284,QUEEN STREET
285,UBI AVENUE 4
286,MAYO STREET
287,EDGEDALE PLAINS
288,JALAN MEMBINA
289,MOULMEIN RISE
290,HOWARD ROAD
291,TAI KENG GARDENS
292,FRASER STREET
293,CHAI CHEE AVENUE
294,PRINCE EDWARD ROAD
295,UPPER JURONG ROAD
296,TAMPINES STREET 71
297,TAMPINES STREET 11
298,COMPASSVALE STREET
299,KURAU GROVE
300,SIN MING DRIVE
301,WHAMPOA DRIVE
302,BUKIT BATOK WEST AVENUE 9
303,SWISS CLUB ROAD
304,JURONG ROAD - TRACK 20
305,TOA PAYOH CENTRAL
306,CACTUS ROAD
307,JURONG EAST STREET 21
308,ALBERT STREET
309,THOMSON ROAD
310,RIFLE RANGE ROAD
311,TOH TUCK ROAD
312,JURONG WEST STREET 64
313,LOYANG DRIVE
314,COMMONWEALTH LANE
315,LORONG SELANGAT
316,TANNERY LANE
317,FINLAYSON GREEN
318,CARPMAEL ROAD
319,KAMPONG AMPAT
320,WINSTEDT DRIVE
321,ANG MO KIO INDUSTRIAL PARK 2A
322,LORONG 19 GEYLANG
323,LORONG 104 CHANGI
324,YISHUN INDUSTRIAL STREET 1
325,COMPASSVALE DRIVE
326,RAFFLES PLACE
327,JEDDAH STREET
328,LORONG 3 GEYLANG
329,CUSCADEN ROAD
330,JELLICOE ROAD
331,STADIUM WALK
332,KEW CRESCENT
333,TEBAN GARDENS ROAD
334,VICTORIA PARK GROVE
335,MEYER ROAD
336,JALAN RAJA UDANG
337,MARTIN ROAD
338,WOODLANDS AVENUE 10
339,CUPPAGE ROAD
340,VENTURE DRIVE
341,SOON LEE STREET
342,NAPIER ROAD
343,HARBOURFRONT AVENUE
344,CHOA CHU KANG DRIVE
345,CHOA CHU KANG STREET 64
346,WESTWOOD AVENUE
347,WHAMPOA ROAD
348,CLEMENCEAU AVENUE
349,GAMBAS CRESCENT
350,SENNETT TERRACE
351,CHOA CHU KANG AVENUE 3
352,ANG MO KIO AVENUE 3
353,BUKIT MERAH LANE 1
354,JALAN BUKIT MERAH
355,FERNVALE LANE
356,TAMPINES AVENUE 8
357,JURONG WEST CENTRAL 1
358,BURN ROAD
359,INDUS ROAD
360,JALAN BOON LAY
361,CHANGI VILLAGE ROAD
362,PASIR RIS STREET 72
363,JURONG WEST STREET 74
364,LOWER DELTA ROAD
365,EU CHIN STREET
366,BANGKIT ROAD
367,JURONG WEST STREET 93
368,LORONG 22 GEYLANG
369,COMPASSVALE BOW
370,MARSILING DRIVE
371,EU TONG SEN STREET
372,BUANGKOK LINK
373,DAWSON ROAD
374,BOON LAY DRIVE
375,LENTOR LOOP
376,BENOI ROAD
377,BAIN STREET
378,LENGKONG TUJOH
379,TAMPINES CENTRAL 8
380,WOODLEIGH LINK
381,SIMS AVENUE
382,TANJONG KATONG ROAD
383,BOON LEAT TERRACE
384,GUL WAY
385,CAIRNHILL ROAD
386,FLORA DRIVE
387,TEMASEK AVENUE
388,FERNHILL ROAD
389,TAMPINES NORTH DRIVE 1
390,MIDDLE ROAD
391,LORONG 15 GEYLANG
392,GENTING LANE
393,WAN THO AVENUE
394,CHIN CHEW STREET
395,HAI SING CRESCENT
396,CASSIA CRESCENT
397,RIDOUT ROAD
398,JALAN TERUSAN
399,GEYLANG EAST AVENUE 3
400,NEW INDUSTRIAL ROAD
401,PENANG ROAD
402,MCCALLUM STREET
403,PURVIS STREET
404,CHULIA STREET
405,PANDAN CRESCENT
406,TAGORE LANE
407,BUKIT BATOK CENTRAL
408,MEI LING STREET
409,BUKIT BATOK STREET 23
410,ALIWAL STREET
411,HILLSIDE DRIVE
412,RAMBUTAN ROAD
413,PRESTON ROAD
414,HOUGANG AVENUE 4
415,JALAN KILANG TIMOR
416,ANG MO KIO INDUSTRIAL PARK 2
417,ANG MO KIO AVENUE 1
418,JALAN RINDU
419,BEDOK NORTH STREET 3
420,MOUNT ELIZABETH LINK
421,SERANGOON NORTH AVENUE 4
422,CHOA CHU KANG LOOP
423,BUKIT BATOK INDUSTRIAL PARK A
424,LEONIE HILL
425,PASIR RIS STREET 21
426,SELEGIE ROAD
427,TOH TUCK LINK
428,WOODLANDS INDUSTRIAL PARK E9
429,MOUNT ELIZABETH
430,MOUNT SINAI CRESCENT
431,JALAN KEMUNING
432,JALAN PELIKAT
433,JURONG WEST STREET 41
434,KALLANG AVENUE
435,JALAN KELULUT
436,ROCHOR CANAL ROAD
437,TELOK KURAU ROAD
438,BEDOK NORTH AVENUE 4
439,LORONG 5 TOA PAYOH
440,WOODLANDS RING ROAD
441,UPPER CHANGI ROAD
442,KUNG CHONG ROAD
443,SIMS DRIVE
444,KRETA AYER ROAD
445,KEONG SAIK ROAD
446,MOHAMED SULTAN ROAD
447,AIRPORT CARGO ROAD
448,RIVERINA VIEW
449,CRESCENT ROAD
450,TAMPINES STREET 24
451,UPPER CHANGI ROAD EAST
452,COMMONWEALTH DRIVE
453,FARRER ROAD
454,MARINA VIEW
455,THOMSON WALK
456,CHIA PING ROAD
457,LIANG SEAH STREET
458,AIRLINE ROAD
459,UBI AVENUE 3
460,TANJONG PENJURU
461,TANGLIN HALT ROAD
462,LORONG RENJONG
463,UPPER SERANGOON VIEW
464,CHANGI BUSINESS PARK CRESCENT
465,BEDOK NORTH STREET 5
466,EUNOS AVENUE 4
467,SIMEI STREET 6
468,CORPORATION RISE
469,LANGE ROAD
470,HAZEL PARK TERRACE
471,JURONG EAST STREET 13
472,BEDOK RESERVOIR VIEW
473,COMPASSVALE WALK
474,PIONEER ROAD NORTH
475,BARKER ROAD
476,PENJURU LANE
477,BISHAN STREET 11
478,CHOA CHU KANG GROVE
479,CHOA CHU KANG AVENUE 1
480,JALAN DUSUN
481,FLORA ROAD
482,LORONG 1A TOA PAYOH
483,ALMOND CRESCENT
484,BUKIT BATOK WEST AVENUE 4
485,JALAN GIRANG
486,IRRAWADDY ROAD
487,PUNGGOL DRIVE
488,UPPER ALJUNIED ROAD
489,JURONG GATEWAY ROAD
490,TANAH MERAH KECHIL ROAD
491,SIANG KUANG AVENUE
492,WOODLANDS AVENUE 1
493,WOODLANDS STREET 81
494,YUAN CHING ROAD
495,TAI SENG DRIVE
496,LAVENDER STREET
497,JOO SENG ROAD
498,BUKIT SEDAP ROAD
499,HOUGANG STREET 91
500,LORONG 8 TOA PAYOH
501,MERCHANT ROAD
502,TELOK BLANGAH HEIGHTS
503,LLOYD ROAD
504,PASIR PANJANG ROAD
505,MALACCA STREET
506,HERTFORD ROAD
507,TREVOSE CRESCENT
508,KIAN TECK ROAD
509,FRENCH ROAD
510,TRAS LINK
511,JURONG WEST STREET 81
512,LORONG LIMAU
513,BUKIT MERAH CENTRAL
514,SERANGOON GARDEN WAY
515,LORONG 2 TOA PAYOH
516,YISHUN RING ROAD
517,MOUNT SINAI RISE
518,LORONG 13 GEYLANG
519,HORNE ROAD
520,JALAN RUMBIA
521,JALAN KETUMBIT
522,ENG HOON STREET
523,EUNOS ROAD 8
524,SIGLAP LINK
525,BIDADARI PARK DRIVE
526,LORONG BAKAR BATU
527,LORONG TELOK
528,ANG MO KIO INDUSTRIAL PARK 1
529,FERNVALE ROAD
530,BRIGHT HILL DRIVE
531,CHAI CHEE STREET
532,YUNG HO ROAD
533,AKYAB ROAD
534,EUNOS CRESCENT
535,DAFNE STREET
536,CLUB STREET
537,TELOK BLANGAH STREET 32
538,BUKIT PURMEI ROAD
539,TANJONG RHU ROAD
540,KEAT HONG CLOSE
541,GUL CIRCLE
542,EUNOS AVENUE 8
543,TURF CLUB ROAD
544,YISHUN STREET 51
545,JURONG WEST CENTRAL 2
546,EDGEFIELD PLAINS
547,MOONBEAM DRIVE
548,PLAYFAIR ROAD
549,WOODLANDS STREET 83
550,JALAN KAMPONG CHANTEK
551,LORONG N TELOK KURAU
552,KAKI BUKIT INDUSTRIAL TERRACE
553,SECTOR C SIN MING INDUSTRIAL EST
554,BUKIT BATOK EAST AVENUE 5
555,BISHAN STREET 25
556,BRIGHTON CRESCENT
557,LORONG 20 GEYLANG
558,HASTINGS ROAD
559,TAMPINES CENTRAL 7
560,SEMBAWANG CLOSE
561,RIVERVALE DRIVE
562,HAJI LANE
563,UBI AVENUE 2
564,TAMPINES STREET 45
565,JALAN SINAR BINTANG
566,CHESTNUT AVENUE
567,BOON LAY AVENUE
568,JURONG TOWN HALL ROAD
569,MARSILING IND ESTATE ROAD 5
570,NEIL ROAD
571,SENGKANG EAST ROAD
572,WHAMPOA EAST
573,ENGGOR STREET
574,JALAN REMAJA
575,TAMPINES ROAD
576,KAKI BUKIT ROAD 3
577,JAGO CLOSE
578,LORONG 16 GEYLANG
579,NANYANG DRIVE
580,SIN MING ROAD
581,TYRWHITT ROAD
582,YISHUN STREET 81
583,YISHUN AVENUE 5
584,OUTRAM ROAD
585,HARPER ROAD
586,ADMIRALTY STREET
587,ELLINGTON SQUARE
588,JALAN AHMAD IBRAHIM
589,SEMBAWANG HILLS DRIVE
590,BUFFALO ROAD
591,LOYANG RISE
592,JALAN LEBAT DAUN
593,MARIAM WAY
594,WILKIE ROAD
595,CHANGI SOUTH AVENUE 2
596,MONK'S HILL TERRACE
597,TOA PAYOH INDUSTRIAL PARK
598,DOVER ROAD
599,ZION ROAD
600,NEW MARKET ROAD
601,ANG MO KIO CENTRAL 1
602,KINTA ROAD
603,TAI SENG STREET
604,TAMPINES STREET 81
605,LORONG 7 TOA PAYOH
606,PINE GROVE
607,BISHAN STREET 13
608,JALAN ISNIN
609,OPAL CRESCENT
610,TUAS AVENUE 1
611,KIM CHUAN DRIVE
612,PETAIN ROAD
613,TELOK BLANGAH RISE
614,LORONG LEW LIAN
615,CROSS STREET
616,BEDOK NORTH STREET 4
617,LADY HILL ROAD
618,TAMAN WARNA
619,BEDOK RESERVOIR CRESCENT
620,PIPIT ROAD
621,RIVER VALLEY ROAD
622,TOH GUAN ROAD
623,CHINA STREET
624,TANNERY ROAD
625,PINE CLOSE
626,SHORT STREET
627,STILL ROAD
628,PETIR ROAD
629,KIM SENG PROMENADE
630,MAUDE ROAD
631,LORONG CHABAI
632,JALAN KAYU
633,TECH PARK CRESCENT
634,KAKI BUKIT AVENUE 1
635,RAGLAN GROVE
636,SEAH STREET
637,LORONG MELAYU
638,LUCKY HEIGHTS
639,BALAM ROAD
640,ARTHUR ROAD
641,MARITIME SQUARE
642,WOODLANDS LINK
643,BOON TIONG ROAD
644,JALAN TEPONG
645,YISHUN STREET 21
646,JALAN ANAK BUKIT
647,WOODLANDS DRIVE 62
648,SERANGOON CENTRAL
649,WOODLANDS DRIVE 71
650,JALAN LEBAN
651,WEST COAST AVENUE
652,JURONG PORT ROAD
653,LORONG 25A GEYLANG
654,THIRD LOK YANG ROAD
655,CIRCUIT ROAD
656,SECOND CHIN BEE ROAD
657,WOODSVILLE CLOSE
658,SERANGOON AVENUE 2
659,LITTLE ROAD
660,EVERGREEN GARDENS
661,KAKI BUKIT AVENUE 6
662,QUEEN'S CLOSE
663,SENGKANG WEST AVENUE
664,JALAN ANGIN LAUT
665,KALLANG ROAD
666,JALAN DERUM
667,YIO CHU KANG ROAD
668,LORONG MARZUKI
669,TAMPINES STREET 23
670,SEAH IM ROAD
671,BEDOK ROAD
672,SENOKO DRIVE
673,BOAT QUAY
674,KAKI BUKIT CRESCENT
675,BENDEMEER ROAD
676,EVERTON ROAD
677,TOA PAYOH NORTH
678,BERWICK DRIVE
679,LORONG 4 TOA PAYOH
680,DUCHESS AVENUE
681,TELOK BLANGAH STREET 31
682,FULTON ROAD
683,SERANGOON NORTH AVENUE 1
684,WATTEN VIEW
685,JURONG WEST AVENUE 5
686,LORONG ONG LYE
687,JURONG WEST STREET 71
688,STIRLING ROAD
689,HANDY ROAD
690,SIMEI RISE
691,NIM ROAD
692,SAGO LANE
693,BOON LAY PLACE
694,SIME ROAD
695,TOWNER ROAD
696,BRAEMAR DRIVE
697,BUKIT BATOK STREET 24
698,LIM TUA TOW ROAD
699,JALAN LAM HUAT
700,DUXTON ROAD
701,SUNGEI KADUT STREET 2
702,BISHAN STREET 22
703,DOVER CRESCENT
704,JALAN LADA PUTEH
705,JALAN GELENGGANG
706,MARGARET DRIVE
707,PASIR RIS STREET 11
708,WOODLANDS DRIVE 72
709,SOUTH BUONA VISTA ROAD
710,JALAN BERSEH
711,TANJONG PAGAR PLAZA
712,GEYLANG SERAI
713,LORONG BIAWAK
714,YEW SIANG ROAD
715,TAGORE INDUSTRIAL AVENUE
716,SUNSET HEIGHTS
717,ROCHOR ROAD
718,JALAN PARAS
719,KHEAM HOCK ROAD
720,JALAN TANI
721,JALAN TUA KONG
722,SPRINGLEAF AVENUE
723,FERNVALE STREET
724,KIM YAM ROAD
725,MOUNT SINAI ROAD
726,LORONG 23 GEYLANG
727,ANG MO KIO STREET 62
728,DEFU AVENUE 2
729,KIM CHUAN TERRACE
730,JALAN HOCK CHYE
731,FIGARO STREET
732,TELOK BLANGAH DRIVE
733,WELLINGTON CIRCLE
734,HILLVIEW TERRACE
735,SIN MING WALK
736,CLEMENTI AVENUE 2
737,DUNEARN ROAD
738,TESSENSOHN ROAD
739,LOYANG WAY
740,UPPER WELD ROAD
741,HOUGANG STREET 22
742,YISHUN AVENUE 6
743,JALAN RENGKAM
744,KEPPEL ROAD
745,RIVERVALE LINK
746,TAH CHING ROAD
747,TUAS ROAD
748,ANDREWS TERRACE
749,LIM AH PIN ROAD
750,BEDOK SOUTH ROAD
751,CORPORATION DRIVE
752,PEARL'S HILL TERRACE
753,CACTUS DRIVE
754,UBI ROAD 2
755,WOODLANDS DRIVE 14
756,MARTABAN ROAD
757,AMBER GARDENS
758,ORANGE GROVE ROAD
759,SERANGOON NORTH AVENUE 2
760,JALAN PASAR BARU
761,KRANJI LOOP
762,SERANGOON NORTH VIEW
763,ANCHORVALE ROAD
764,SHUNFU ROAD
765,JALAN DALIAH
766,RHU CROSS
767,TUAS SOUTH STREET 2
768,NEWTON ROAD
769,SINARAN DRIVE
770,YISHUN AVENUE 9
771,CANBERRA STREET
772,CHAI CHEE LANE
773,BEDOK NORTH STREET 2
774,ELIAS ROAD
775,JOO KOON CIRCLE
776,SING JOO WALK
777,CHIN BEE AVENUE
778,FERNVALE CLOSE
779,WOODLANDS STREET 13
780,BISHAN STREET 15
781,LUXUS HILL AVENUE
782,CLEMENTI WEST STREET 1
783,FOCH ROAD
784,WOODLANDS DRIVE 70
785,YISHUN STREET 61
786,HOLLAND ROAD
787,MARINE CRESCENT
788,WHOLESALE CENTRE
789,LORONG 14 GEYLANG
790,PEBBLE LANE
791,FUSIONOPOLIS PLACE
792,ST. GEORGE'S LANE
793,AIRPORT BOULEVARD
794,LIM CHU KANG LANE 9A
795,DEFU LANE 1
796,ADMIRALTY LINK
797,HARRISON ROAD
798,CANBERRA ROAD
799,BENOI CRESCENT
800,HILLCREST ROAD
801,KIM SENG ROAD
802,TAMPINES STREET 33
803,OWEN ROAD
804,PALM DRIVE
805,JALAN LEMBAH KALLANG
806,SECOND LOK YANG ROAD
807,JALAN SIKUDANGAN
808,YUNG LOH ROAD
809,BOWMONT GARDENS
810,GANGSA ROAD
811,BEDOK NORTH STREET 1
812,SOMMERVILLE ROAD
813,FOLKESTONE ROAD
814,SECTOR A SIN MING INDUSTRIAL EST
815,MERBOK CRESCENT
816,EMERALD HILL ROAD
817,JALAN BENAAN KAPAL
818,JURONG WEST STREET 65
819,MARINA WAY
820,JURONG EAST STREET 31
821,TUDOR CLOSE
822,HINDHEDE WALK
823,ANG MO KIO CENTRAL 2
824,YAN KIT ROAD
825,UPPER ALJUNIED LINK
826,DEPOT LANE
827,WOODLANDS STREET 82
828,MAGAZINE ROAD
829,FIRST LOK YANG ROAD
830,THOMSON GREEN
831,WATTEN RISE
832,KOEK ROAD
833,LORONG 24A GEYLANG
834,GUL LANE
835,ROBIN CLOSE
836,INGGU ROAD
837,BUKIT BATOK EAST AVENUE 4
838,JURONG WEST STREET 52
839,COLDSTREAM AVENUE
840,JALAN PUTEH JERNEH
841,SEMBAWANG DRIVE
842,PAGODA STREET
843,RIVER VALLEY CLOSE
844,HOE CHIANG ROAD
845,LOYANG CRESCENT
846,ANCHORVALE LANE
847,TOH TUCK PLACE
848,MOUNT SINAI LANE
849,PIONEER WALK
850,DUNBAR WALK
851,JURONG WEST STREET 51
852,ANG MO KIO AVENUE 6
853,CEYLON ROAD
854,JALAN TUKANG
855,TAMPINES CENTRAL 5
856,HOLLAND AVENUE
857,LORONG BALING
858,WOODLANDS DRIVE 75
859,PHOENIX ROAD
860,KERBAU ROAD
861,ANCHORVALE STREET
862,SPRINGSIDE DRIVE
863,YISHUN STREET 31
864,CAMBRIDGE ROAD
865,UPPER PICKERING STREET
866,PHILLIPS AVENUE
867,KENG CHEOW STREET
868,BUKIT BATOK STREET 11
869,SIGLAP HILL
870,WOODLANDS AVENUE 4
871,TUAS SOUTH STREET 15
872,JURONG WEST STREET 73
873,UPPER BOON KENG ROAD
874,YISHUN CENTRAL
875,JALAN DAMAI
876,KIAN TECK DRIVE
877,BRADDELL HILL
878,RAEBURN PARK
879,DEFU LANE 9
880,WOODLANDS DRIVE 50
881,CRAIG ROAD
882,PUNGGOL FIELD WALK
883,WOODLANDS STREET 31
884,WAREHAM ROAD
885,TAMPINES STREET 34
886,BUKIT BATOK WEST AVENUE 5
887,SIMON ROAD
888,CHANGI SOUTH LANE
889,TAMPINES AVENUE 5
890,LORONG AH SOO
891,FLORENCE ROAD
892,LORONG 28 GEYLANG
893,PULAU UBIN
894,SERANGOON AVENUE 1
895,TAMPINES STREET 82
896,HOUGANG STREET 32
897,ROWELL ROAD
898,SIXTH AVENUE
899,WEST COAST PARK
900,JALAN SEMPADAN
901,EUNOS AVENUE 6
902,TAMARIND ROAD
903,LORONG 39 GEYLANG
904,JOO CHIAT TERRACE
905,SIMS PLACE
906,JALAN REMIS
907,MANDAI LINK
908,MERRYN ROAD
909,KENSINGTON PARK ROAD
910,TAMPINES AVENUE 9
911,HOLLAND HILL
912,DAIRY FARM ROAD
913,JALAN HARUM
914,BEDOK SOUTH AVENUE 1
915,LORONG KILAT
916,POH HUAT ROAD WEST
917,CHOA CHU KANG TRACK 5
918,BIRCH ROAD
919,GREENLEAF ROAD
920,SUNGEI KADUT STREET 4
921,WEST COAST DRIVE
922,PUNGGOL CENTRAL
923,TOH YI DRIVE
924,ARUMUGAM ROAD
925,BEDOK SOUTH AVENUE 2
926,GREENLEAF GROVE
927,LORONG TANGGAM
928,PUNGGOL PLACE
929,STRAITS VIEW
930,TAMPINES STREET 32
931,YISHUN STREET 11
932,EVERTON PARK
933,STEVENS DRIVE
934,LORONG 10 GEYLANG
935,BUKIT BATOK WEST AVENUE 7
936,MIMOSA ROAD
937,CAIRNHILL CIRCLE
938,WOODLEIGH CLOSE
939,CHOA CHU KANG NORTH 6
940,JALAN SAJAK
941,SOMAPAH ROAD
942,STADIUM LINK
943,BEDOK RIA PLACE
944,HENG MUI KENG TERRACE
945,OXFORD ROAD
946,JALAN KILANG BARAT
947,CHOA CHU KANG NORTH 7
948,LORONG 34 GEYLANG
949,FABER HEIGHTS
950,PUNGGOL FIELD
951,AYER RAJAH AVENUE
952,LORONG AMPAS
953,CARMEN TERRACE
954,BUKIT PANJANG RING ROAD
955,JALAN ULU SELETAR
956,PAYA LEBAR LINK
957,CHUN TIN ROAD
958,BISHAN STREET 12
959,CLEMENTI AVENUE 1
960,KELANTAN LANE
961,NASSIM HILL
962,MARINE TERRACE
963,SIGLAP PLAIN
964,LORONG STANGEE
965,WATERLOO STREET
966,LORONG 33 GEYLANG
967,JALAN ULU SIGLAP
968,CHEONG CHIN NAM ROAD
969,ANG MO KIO AVENUE 9
970,HOUGANG STREET 61
971,CLEMENTI AVENUE 4
972,ST. MICHAEL'S ROAD
973,BISHAN STREET 24
974,SHELFORD ROAD
975,KAKI BUKIT PLACE
976,LENTOR STREET
977,SIN MING AVENUE
978,PEPYS ROAD
979,SEMBAWANG CRESCENT
980,POOLE ROAD
981,JALAN NOVENA BARAT
982,LORONG 9 GEYLANG
983,ARMENIAN STREET
984,TAMPINES STREET 61
985,SUMANG WALK
986,MANDALAY ROAD
987,KAKI BUKIT ROAD 4
988,GEYLANG EAST AVENUE 2
989,MIMOSA WALK
990,BRIDPORT AVENUE
991,BEO CRESCENT
992,FLOWER ROAD
993,TOMLINSON ROAD
994,BARBARY WALK
995,CHANGI BUSINESS PARK CENTRAL 2
996,JALAN JINTAN
997,STADIUM PLACE
998,PEREIRA ROAD
999,ANG MO KIO STREET 63
1000,SURIN AVENUE
1001,ENG NEO AVENUE
1002,YISHUN AVENUE 4
1003,SIMEI STREET 3
1004,LOYANG AVENUE
1005,LORONG 21 GEYLANG
1006,TAMAN SERASI
1007,MIMOSA TERRACE
1008,NORTH BUONA VISTA LINK
1009,HARBOURFRONT PLACE
1010,HONG SAN WALK
1011,IRVING ROAD
1012,TAMPINES STREET 12
1013,WESTWOOD WALK
1014,JURONG WEST STREET 92
1015,WOODLANDS SQUARE
1016,RIVERVALE WALK
1017,ADMIRALTY DRIVE
1018,HOUGANG STREET 31
1019,SELETAR WEST FARMWAY 5
1020,JALAN BATAI
1021,RIVERVALE STREET
1022,FUSIONOPOLIS WALK
1023,NEO TIEW CRESCENT
1024,MACPHERSON LANE
1025,GATEWAY DRIVE
1026,LOYANG LANE
1027,BUSSORAH STREET
1028,JALAN TELITI
1029,CHOA CHU KANG AVENUE 5
1030,JALAN WAJEK
1031,YISHUN STREET 22
1032,LORONG KEMBANGAN
1033,OXLEY GARDEN
1034,PEACH GARDEN
1035,LORONG 6 TOA PAYOH
1036,BUANGKOK CRESCENT
1037,THONG SOON GREEN
1038,JALAN SENANG
1039,CHANG CHARN ROAD
1040,GREENRIDGE CRESCENT
1041,BUKIT DRIVE
1042,OLD BIRDCAGE WALK
1043,JALAN KUANG
1044,PENJURU CLOSE
1045,PENJURU ROAD
1046,WOODLANDS STREET 41
1047,SUMANG LANE
1048,MENG SUAN ROAD
1049,YUNG KUANG ROAD
1050,CASHEW TERRACE
1051,SERANGOON AVENUE 4
1052,LENGKOK BAHRU
1053,GUL DRIVE
1054,ALKAFF CRESCENT
1055,MOH GUAN TERRACE
1056,SELETAR ROAD
1057,TAI THONG CRESCENT
1058,COMPASSVALE LANE
1059,JALAN BERINGIN
1060,JURONG WEST CENTRAL 3
1061,TIONG BAHRU ROAD
1062,JALAN MASJID
1063,DUXTON HILL
1064,FRANKEL TERRACE
1065,MILTONIA CLOSE
1066,CHOA CHU KANG AVENUE 2
1067,CHERRY AVENUE
1068,BEDOK SOUTH AVENUE 3
1069,ATTAP VALLEY ROAD
1070,LOYANG STREET
1071,SHAN ROAD
1072,PUAY HEE AVENUE
1073,ANG MO KIO AVENUE 8
1074,JALAN SALANG
1075,MAYFIELD AVENUE
1076,JALAN BATU
1077,KALLANG BAHRU
1078,MARSILING ROAD
1079,SOON LEE ROAD
1080,SUNSET WAY
1081,LORONG 35 GEYLANG
1082,BLOXHOME DRIVE
1083,HOUGANG STREET 52
1084,ENG WATT STREET
1085,ANG MO KIO STREET 31
1086,WOODLANDS CRESCENT
1087,MARYLAND DRIVE
1088,BURGUNDY RISE
1089,PASIR RIS STREET 13
1090,EUNOS AVENUE 5
1091,PASIR RIS STREET 71
1092,YUK TONG AVENUE
1093,RAFFLES BOULEVARD
1094,PASIR RIS LINK
1095,BUKIT BATOK STREET 51
1096,STURDEE ROAD
1097,HARBOUR DRIVE
1098,SIRAT ROAD
1099,ANG MO KIO AVENUE 2
1100,JALAN DAUD
1101,JALAN SEMBILANG
1102,NEO TIEW ROAD
1103,PASIR RIS HEIGHTS
1104,CUFF ROAD
1105,GUL AVENUE
1106,BUKIT BATOK WEST AVENUE 2
1107,HOUGANG CENTRAL
1108,BRAS BASAH ROAD
1109,MARSILING RISE
1110,JALAN MATA AYER
1111,SPRINGLEAF WALK
1112,JALAN ISHAK
1113,KEE CHOE AVENUE
1114,DUNMAN ROAD
1115,CHOA CHU KANG STREET 51
1116,PAYA LEBAR WAY
1117,JALAN MAS PUTEH
1118,NATHAN ROAD
1119,BURNFOOT TERRACE
1120,TUAS AVENUE 16
1121,SOO CHOW RISE
1122,CHANGI SOUTH STREET 3
1123,KERIS DRIVE
1124,THOMSON RIDGE
1125,JALAN KEMAMAN
1126,JALAN LIMAU KASTURI
1127,BUNGA RAMPAI PLACE
1128,KASAI ROAD
1129,JALAN LEMPENG
1130,DUNSFOLD DRIVE
1131,EAST COAST AVENUE
1132,LEMBU ROAD
1133,KIAN TECK AVENUE
1134,PARK ROAD
1135,JURONG LAKE LINK
1136,MEDWAY DRIVE
1137,MATTAR ROAD
1138,JALAN TENTERAM
1139,SERANGOON NORTH AVENUE 3
1140,ROCHESTER PARK
1141,SUNGEI KADUT WAY
1142,LORONG SARINA
1143,TAMPINES STREET 41
1144,JALAN SAYANG
1145,YISHUN CENTRAL 1
1146,WALLICH STREET
1147,BIOPOLIS ROAD
1148,NAMLY PLACE
1149,TENGAH DRIVE
1150,ALJUNIED AVENUE 1
1151,UBI VIEW
1152,PIONEER ROAD
1153,TUAS SOUTH AVENUE 1
1154,FAIRWAYS DRIVE
1155,TUAS SOUTH AVENUE 2
1156,KITCHENER LINK
1157,HOUGANG AVENUE 2
1158,PASIR RIS DRIVE 10
1159,GILLMAN HEIGHTS
1160,JALAN BUROH
1161,JALAN LIMAU PURUT
1162,LINCOLN ROAD
1163,CHARLTON ROAD
1164,ELLIOT ROAD
1165,BEDOK CENTRAL
1166,JALAN LIM TAI SEE
1167,WEST COAST RISE
1168,LORONG MYDIN
1169,LORONG 32 GEYLANG
1170,FIDELIO STREET
1171,LORONG PUNTONG
1172,CROWHURST DRIVE
1173,JALAN LIMAU NIPIS
1174,ALJUNIED AVENUE 5
1175,CHIKU ROAD
1176,JOO CHIAT LANE
1177,CANBERRA LINK
1178,KALLANG WAY
1179,ANG MO KIO INDUSTRIAL PARK 3
1180,TUAS DRIVE 2
1181,THIRD CHIN BEE ROAD
1182,DORSET ROAD
1183,LORONG KISMIS
1184,SIOK WAN CLOSE
1185,WOODLANDS AVENUE 5
1186,PASIR RIS STREET 51
1187,TOWNSHEND ROAD
1188,ENTERPRISE ROAD
1189,JURONG ROAD - TRACK 22
1190,TAMPINES GRANDE
1191,PEMIMPIN DRIVE
1192,JOO HONG ROAD
1193,COMMONWEALTH CRESCENT
1194,JALAN TARI ZAPIN
1195,POTONG PASIR AVENUE 2
1196,TAMPINES STREET 91
1197,REDHILL CLOSE
1198,NORMA TERRACE
1199,ANCHORVALE DRIVE
1200,PINE LANE
1201,FULLERTON ROAD
1202,DICKSON ROAD
1203,CLEMENCEAU AVENUE NORTH
1204,PARRY TERRACE
1205,JALAN GUMILANG
1206,GEK POH ROAD
1207,HULLET ROAD
1208,CLEMENTI STREET 13
1209,ARAB STREET
1210,JALAN INTAN
1211,HEMMANT ROAD
1212,LORONG ABU TALIB
1213,ST. GEORGE'S ROAD
1214,EASTWOOD WAY
1215,ALJUNIED CRESCENT
1216,HACIENDA GROVE
1217,DUBLIN ROAD
1218,CHAY YAN STREET
1219,PARK VILLAS TERRACE
1220,KRAMAT LANE
1221,MOUNT SINAI DRIVE
1222,CHOA CHU KANG STREET 53
1223,DESKER ROAD
1224,TAMPINES STREET 92
1225,GLASGOW ROAD
1226,REDHILL LANE
1227,SENOKO SOUTH ROAD
1228,UBI ROAD 3
1229,OCEAN DRIVE
1230,PASIR RIS STREET 52
1231,COMMONWEALTH AVENUE
1232,BEDOK INDUSTRIAL PARK E
1233,MOSQUE STREET
1234,DEFU LANE 3
1235,SELETAR HILLS DRIVE
1236,AVON ROAD
1237,SPOTTISWOODE PARK ROAD
1238,DE SOUZA STREET
1239,SUNGEI KADUT LOOP
1240,THRIFT DRIVE
1241,CHOA CHU KANG NORTH 5
1242,JOO CHIAT PLACE
1243,SILOSO BEACH WALK
1244,JALAN TAMAN
1245,TAMAN SELAMAT
1246,KANG CHING ROAD
1247,HOLLAND CLOSE
1248,BUKIT BATOK STREET 25
1249,DEPOT CLOSE
1250,THIRD AVENUE
1251,JALAN MENDONG
1252,HOUGANG STREET 51
1253,KARIKAL LANE
1254,SCIENCE PARK ROAD
1255,HOLLAND GROVE ROAD
1256,WOODLANDS INDUSTRIAL PARK E3
1257,JALAN KASAU
1258,PASIR RIS DRIVE 1
1259,ROBEY CRESCENT
1260,ROBERTS LANE
1261,CARLISLE ROAD
1262,WORTHING ROAD
1263,CHANGI NORTH STREET 1
1264,ANG MO KIO STREET 65
1265,SEMBAWANG PLACE
1266,DAKOTA CRESCENT
1267,JALAN TECK WHYE
1268,JALAN TENAGA
1269,JALAN MESRA
1270,POTONG PASIR AVENUE 1
1271,THIRD STREET
1272,YISHUN STREET 20
1273,FARRER DRIVE
1274,DEFU LANE 11
1275,PASIR RIS ROAD
1276,TRANSIT ROAD
1277,CANBERRA DRIVE
1278,SUNVIEW ROAD
1279,SCIENCE PARK DRIVE
1280,TAMPINES STREET 22
1281,EWE BOON ROAD
1282,WOODLANDS AVENUE 9
1283,JALAN SINGA
1284,WEST COAST WALK
1285,MING TECK PARK
1286,NORTH BUONA VISTA DRIVE
1287,DEPOT ROAD
1288,SERAYA CRESCENT
1289,LORONG 26 GEYLANG
1290,BUKIT BATOK STREET 32
1291,TUAS SOUTH STREET 1
1292,ENG KONG CRESCENT
1293,BALMORAL ROAD
1294,LORONG 6 REALTY PARK
1295,GEYLANG EAST AVENUE 1
1296,PASIR RIS FARMWAY 3
1297,SIXTH LOK YANG ROAD
1298,LIMAU GARDEN
1299,WHITLEY ROAD
1300,NORTHSHORE DRIVE
1301,SENNETT LANE
1302,COUNTRYSIDE ROAD
1303,CAMPBELL LANE
1304,GILSTEAD ROAD
1305,MARINE PARADE
1306,CANTONMENT ROAD
1307,DUNDEE ROAD
1308,JALAN NIPAH
1309,JALAN CHEMPAKA KUNING
1310,JALAN PINANG
1311,GREENWOOD AVENUE
1312,SOUTH WOODLANDS DRIVE
1313,ASHWOOD GROVE
1314,JALAN HAJIJAH
1315,LORONG 8 GEYLANG
1316,DAISY ROAD
1317,OCEAN WAY
1318,JOO KOON WAY
1319,PASIR RIS DRIVE 4
1320,BROOKVALE DRIVE
1321,PASIR RIS DRIVE 3
1322,ANG MO KIO STREET 66
1323,NANKIN STREET
1324,JURONG WEST STREET 25
1325,FRANKEL DRIVE
1326,PAYA LEBAR CRESCENT
1327,JURONG WEST AVENUE 3
1328,TEO HONG ROAD
1329,ENG KONG ROAD
1330,CORONATION ROAD WEST
1331,JALAN TEMPUA
1332,HOLT ROAD
1333,TAMPINES STREET 44
1334,HUDDINGTON AVENUE
1335,ALEXANDRA TERRACE
1336,HOLLAND GROVE VIEW
1337,HOUGANG STREET 11
1338,SENGKANG EAST DRIVE
1339,HOUGANG AVENUE 9
1340,CHANCERY LANE
1341,JALAN HITAM MANIS
1342,PORT ROAD
1343,COMPASSVALE CRESCENT
1344,EAST COAST PARKWAY
1345,PARBURY AVENUE
1346,KING GEORGE'S AVENUE
1347,JALAN JAMBU AYER
1348,EVELYN ROAD
1349,TOA PAYOH EAST
1350,HOUGANG AVENUE 3
1351,NASSIM ROAD
1352,JALAN NOVENA UTARA
1353,POTONG PASIR AVENUE 3
1354,CLEMENTI AVENUE 6
1355,STANLEY STREET
1356,WOODLANDS CENTRE ROAD
1357,SENOKO LOOP
1358,LIM CHU KANG ROAD
1359,LUCKY CRESCENT
1360,SENOKO CRESCENT
1361,BEDOK NORTH AVENUE 1
1362,FABER DRIVE
1363,WOODLANDS WALK
1364,PANDAN ROAD
1365,PENANG LANE
1366,TENGAH ROAD
1367,LIM CHU KANG LANE 6
1368,CHOA CHU KANG STREET 54
1369,ANN SIANG HILL
1370,BRADDELL ROAD
1371,FERNWOOD TERRACE
1372,TELOK BLANGAH WAY
1373,ROCHDALE ROAD
1374,HILLVIEW RISE
1375,TAMPINES INDUSTRIAL CRESCENT
1376,BROOKE ROAD
1377,LEICESTER ROAD
1378,PRINSEP STREET
1379,JALAN TENON
1380,GENTING LINK
1381,BUCKLEY ROAD
1382,BRIGHT HILL CRESCENT
1383,BEGONIA DRIVE
1384,JALAN HAJI ALIAS
1385,SIMS CLOSE
1386,LORONG M TELOK KURAU
1387,COMPASSVALE ROAD
1388,LICHFIELD ROAD
1389,TAMPINES STREET 72
1390,KING'S AVENUE
1391,BUKIT TERESA ROAD
1392,ST. THOMAS WALK
1393,ROSYTH ROAD
1394,LORONG 11 GEYLANG
1395,HOLLAND DRIVE
1396,CLEANTECH LOOP
1397,HAMILTON ROAD
1398,BIOPOLIS WAY
1399,KAMPONG JAVA ROAD
1400,LORONG 4 GEYLANG
1401,AMBER ROAD
1402,SOON WING ROAD
1403,RIDLEY PARK
1404,JALAN SONGKET
1405,CRANE ROAD
1406,MARSILING IND ESTATE ROAD 3
1407,MEI CHIN ROAD
1408,HOY FATT ROAD
1409,PARK VILLAS RISE
1410,HO CHING ROAD
1411,LORONG SELDERI
1412,LORONG BUANG KOK
1413,PULASAN ROAD
1414,GENTING ROAD
1415,PENSHURST PLACE
1416,MORNINGTON CRESCENT
1417,DALHOUSIE LANE
1418,ROCHESTER DRIVE
1419,JALAN RAYA
1420,WOODLANDS ROAD
1421,PONGGOL SEVENTEENTH AVENUE
1422,LORONG 3 TOA PAYOH
1423,LORONG LIPUT
1424,HOUGANG STREET 92
1425,KIRK TERRACE
1426,ROBERTSON QUAY
1427,JALAN LEKUB
1428,LIM TECK BOO ROAD
1429,WOODLANDS DRIVE 44
1430,DAIRY FARM HEIGHTS
1431,PERUMAL ROAD
1432,PASIR RIS CENTRAL
1433,HUA GUAN AVENUE
1434,JALAN PARI BURONG
1435,LORONG 36 GEYLANG
1436,LORONG K TELOK KURAU
1437,TAMPINES STREET 86
1438,YUNG AN ROAD
1439,JURONG ISLAND HIGHWAY
1440,GAMBAS WAY
1441,JALAN PACHELI
1442,BOON TECK ROAD
1443,FABER GREEN
1444,ENG KONG PLACE
1445,NIVEN ROAD
1446,JALAN TAMBUR
1447,TECK WHYE CRESCENT
1448,CHU LIN ROAD
1449,SERANGOON CENTRAL DRIVE
1450,JALAN DINDING
1451,ST. JOHN'S ROAD
1452,JALAN PISANG
1453,JALAN DATOH
1454,LORONG 107 CHANGI
1455,TERANG BULAN AVENUE
1456,JALAN KEMBANGAN
1457,TUAS VIEW SQUARE
1458,JALAN HIKAYAT
1459,NEE SOON ROAD
1460,TUAS SOUTH STREET 5
1461,PASIR RIS STREET 12
1462,CLAYMORE DRIVE
1463,CLEMENTI CRESCENT
1464,SIMEI STREET 4
1465,SENNETT PLACE
1466,KIM KEAT LINK
1467,FIFTH AVENUE
1468,TAMPINES AVENUE 1
1469,HILLVIEW WAY
1470,DRAYCOTT DRIVE
1471,JALAN IKAN MERAH
1472,TUAS VIEW LOOP
1473,PRINCE CHARLES CRESCENT
1474,KAMPONG SIREH
1475,JALAN KHAMIS
1476,CAVENAGH ROAD
1477,SIMS LANE
1478,SUNRISE AVENUE
1479,MARSILING IND ESTATE ROAD 4
1480,SEMBAWANG WALK
1481,KEPPEL BAY VIEW
1482,SUNGEI KADUT AVENUE
1483,KRANJI WAY
1484,TAMPINES STREET 96
1485,CANNING RISE
1486,AH HOOD ROAD
1487,PIONEER CRESCENT
1488,EAST COAST DRIVE
1489,TAGORE DRIVE
1490,HENDERSON CRESCENT
1491,KADAYANALLUR STREET
1492,RECREATION LANE
1493,EASTWOOD ROAD
1494,JALAN PUNAI
1495,WOODLANDS VIEW
1496,JALAN MUTIARA
1497,BINJAI WALK
1498,QUEEN ASTRID PARK
1499,WATTEN HEIGHTS
1500,TUAS AVENUE 2
1501,MEI HWAN VIEW
1502,ST. PATRICK'S ROAD
1503,WATTEN TERRACE
1504,KING'S ROAD
1505,JALAN TECK KEE
1506,LORONG LENTOR
1507,LORONG 29 GEYLANG
1508,TUAS CRESCENT
1509,SELETAR AEROSPACE LINK
1510,SUNRISE PLACE
1511,CASUARINA ROAD
1512,MARGATE ROAD
1513,EUNOS AVENUE 2
1514,BOH SUA TIAN ROAD
1515,UBI ROAD 4
1516,WOODLANDS DRIVE 52
1517,JALAN KEMBOJA
1518,JALAN EUNOS
1519,SLIM BARRACKS RISE
1520,VISTA EXCHANGE GREEN
1521,JALAN SINDOR
1522,WEST COAST WAY
1523,ST. FRANCIS ROAD
1524,MACTAGGART ROAD
1525,LANTANA AVENUE
1526,BROMPTON ROAD
1527,BUANGKOK GREEN
1528,TAMPINES CENTRAL 6
1529,JALAN SUKA
1530,UPPER ALJUNIED LANE
1531,BUKIT BATOK WEST AVENUE 8
1532,JERVOIS CLOSE
1533,JALAN KILANG
1534,PAVILION VIEW
1535,SING AVENUE
1536,LORONG PISANG BATU
1537,DEFU AVENUE 1
1538,JALAN PAPAN
1539,TANAH MERAH KECHIL AVENUE
1540,LORONG SARI
1541,BEDOK LANE
1542,LORONG BACHOK
1543,PIONEER SECTOR 1
1544,LAKEPOINT DRIVE
1545,SELETAR TERRACE
1546,JALAN PERNAMA
1547,SUNBIRD CIRCLE
1548,MACKENZIE ROAD
1549,JALAN GRISEK
1550,HOLLAND VILLAGE WAY
1551,DAISY AVENUE
1552,JELEBU ROAD
1553,LANGSAT ROAD
1554,WEST COAST LANE
1555,NERAM ROAD
1556,PENDING ROAD
1557,VERDUN ROAD
1558,TECK LIM ROAD
1559,BENOI PLACE
1560,CANBERRA CRESCENT
1561,PLATINA ROAD
1562,BLAIR ROAD
1563,VENUS ROAD
1564,JALAN MERLIMAU
1565,JALAN PELAJAU
1566,WOODGROVE AVENUE
1567,MARNE ROAD
1568,JALAN PERADUN
1569,BUKIT BATOK EAST AVENUE 2
1570,BEDOK INDUSTRIAL PARK C
1571,CHANGI SOUTH STREET 1
1572,BIGGIN HILL ROAD
1573,YISHUN STREET 23
1574,LORONG 30 GEYLANG
1575,PAVILION PLACE
1576,TAMPINES STREET 73
1577,JALAN KUAK
1578,JALAN LENGKOK SEMBAWANG
1579,JALAN AYER
1580,TAVISTOCK AVENUE
1581,PUNGGOL EAST
1582,WHAMPOA WEST
1583,CORONATION ROAD
1584,LORONG GAMBIR
1585,LOYANG VIEW
1586,CHWEE CHIAN ROAD
1587,WEST COAST CRESCENT
1588,JURONG WEST STREET 75
1589,MOULMEIN ROAD
1590,SENANG CRESCENT
1591,SWETTENHAM ROAD
1592,CHARLTON LANE
1593,TU FU AVENUE
1594,NORMANTON PARK
1595,MARINA MALL
1596,JALAN RAMA RAMA
1597,MULBERRY AVENUE
1598,SWAN LAKE AVENUE
1599,KIM TIAN PLACE
1600,KANG CHOO BIN ROAD
1601,TANAH MERAH KECHIL LINK
1602,KEMPAS ROAD
1603,JALAN KECHUBONG
1604,LENGKOK MARIAM
1605,SECTOR B SIN MING INDUSTRIAL EST
1606,UNIVERSITY WALK
1607,FARRER PARK ROAD
1608,LORONG 27 GEYLANG
1609,WOODLANDS LOOP
1610,LORONG J TELOK KURAU
1611,YONG SIAK STREET
1612,FOURTH LOK YANG ROAD
1613,DUKU ROAD
1614,KAMPONG BUGIS
1615,MARTIN PLACE
1616,MALAN ROAD
1617,WESTWOOD CRESCENT
1618,BELILIOS LANE
1619,CHESTNUT GARDENS
1620,SIGLAP DRIVE
1621,TAO CHING ROAD
1622,ALJUNIED AVENUE 3
1623,JALAN AMPAS
1624,HINDHEDE LANE
1625,WOODLEIGH PARK
1626,NALLUR ROAD
1627,STOKESAY DRIVE
1628,WISHART ROAD
1629,CLEMENTI ROAD
1630,CANBERRA WALK
1631,GHIM MOH LINK
1632,JALAN LOKAM
1633,UPPER SERANGOON CRESCENT
1634,JALAN REDOP
1635,TANAH MERAH KECHIL RISE
1636,NOVENA TERRACE
1637,JALAN BUKIT HO SWEE
1638,GREEN LANE
1639,BENOI SECTOR
1640,STAGMONT RING
1641,JALAN SENYUM
1642,SPRINGSIDE LINK
1643,SIN KOY LANE
1644,JALAN UBI
1645,ANGKLONG LANE
1646,ANG MO KIO STREET 52
1647,JALAN JENTERA
1648,WOODLANDS INDUSTRIAL PARK D
1649,YIO CHU KANG DRIVE
1650,WINSTEDT ROAD
1651,STEVENS ROAD
1652,SHIPYARD ROAD
1653,TAY LIAN TECK ROAD
1654,LORONG SALLEH
1655,KELLOCK ROAD
1656,SELETAR GREEN VIEW
1657,SUNSHINE TERRACE
1658,SPRINGWOOD CLOSE
1659,EXETER ROAD
1660,TUAS AVENUE 9
1661,LIM TECK KIM ROAD
1662,LORONG HOW SUN
1663,KEAT HONG LINK
1664,OLD UPPER THOMSON ROAD
1665,WOODLANDS STREET 11
1666,JALAN TENANG
1667,SEA AVENUE
1668,UPPER BUKIT TIMAH VIEW
1669,SUNGEI KADUT STREET 3
1670,TRENGGANU STREET
1671,PRINCESS OF WALES ROAD
1672,LORONG MARICAN
1673,MOONBEAM TERRACE
1674,TAMPINES CENTRAL 1
1675,KIM CHUAN LANE
1676,JOO KOON ROAD
1677,JALAN MALU-MALU
1678,ANG MO KIO STREET 32
1679,JALAN TARUM
1680,PILLAI ROAD
1681,CARDIFF GROVE
1682,JAMBOL PLACE
1683,ALEXANDRA LANE
1684,PASIR RIS CLOSE
1685,WOODLANDS DRIVE 53
1686,ANDERSON ROAD
1687,LIMAU WALK
1688,JALAN AMPANG
1689,JALAN SELASEH
1690,JALAN BAHAGIA
1691,WILKINSON ROAD
1692,JALAN LOYANG BESAR
1693,JALAN TAMPANG
1694,QUEEN'S ROAD
1695,MUGLISTON PARK
1696,LEEDON ROAD
1697,KIAN TECK WAY
1698,RIENZI STREET
1699,MOUNT EMILY ROAD
1700,KEW DRIVE
1701,WOODLANDS HEIGHT
1702,SELETAR WEST FARMWAY 10
1703,LENTOR GREEN
1704,BORTHWICK DRIVE
1705,CLEMENTI LOOP
1706,KRANJI ROAD
1707,PRINSEP LINK
1708,CHENG SOON GARDEN
1709,BUKIT BATOK STREET 41
1710,LORNIE ROAD
1711,BANDA STREET
1712,ANG MO KIO STREET 64
1713,TECK WHYE AVENUE
1714,SENG POH ROAD
1715,JALAN MASTULI
1716,WOLSKEL ROAD
1717,IPOH LANE
1718,FUSIONOPOLIS VIEW
1719,PAVILION RISE
1720,TUAS VIEW CRESCENT
1721,MARINA GROVE
1722,WOODLANDS DRIVE 73
1723,DEFU LANE 7
1724,KINGSWEAR AVENUE
1725,PEARL BANK
1726,CLOVER CRESCENT
1727,EAN KIAM PLACE
1728,WOODLANDS DRIVE 17
1729,ANG MO KIO STREET 11
1730,MAR THOMA ROAD
1731,JALAN ADAT
1732,BUKIT BATOK STREET 22
1733,BUKIT BATOK STREET 33
1734,LIMAU RISE
1735,LENGKONG SATU
1736,MUNSHI ABDULLAH AVENUE
1737,BUKIT MANIS ROAD
1738,JALAN SAMULUN
1739,JALAN AFIFI
1740,CANTONMENT CLOSE
1741,JALAN JORAN
1742,JALAN ULU SEMBAWANG
1743,SUNGEI TENGAH ROAD
1744,YISHUN CLOSE
1745,CHANGI NORTH CRESCENT
1746,LORONG PASU
1747,LI HWAN TERRACE
1748,KAY POH ROAD
1749,PATERSON HILL
1750,MOUNT VERNON ROAD
1751,KIM KEAT AVENUE
1752,FISHERY PORT ROAD
1753,HARVEY ROAD
1754,ANG MO KIO STREET 51
1755,SENGKANG EAST AVENUE
1756,JALAN KECHIL
1757,COMMONWEALTH CLOSE
1758,ANG MO KIO STREET 21
1759,WOODLANDS SECTOR 1
1760,KENG LEE ROAD
1761,GLADIOLA DRIVE
1762,CAVAN ROAD
1763,CHANGI SOUTH STREET 2
1764,SENNETT ROAD
1765,MOUNT SOPHIA
1766,ELIAS GREEN
1767,UBI LINK
1768,JALAN BANGSAWAN
1769,MIMOSA VIEW
1770,VERDE AVENUE
1771,RATUS ROAD
1772,JALAN BESUT
1773,GREENDALE AVENUE
1774,BUKIT BATOK STREET 34
1775,JALAN JARAK
1776,JALAN KELAWAR
1777,GEORGE STREET
1778,ENG KONG GARDEN
1779,ROSE LANE
1780,LOYANG WAY 6
1781,NEW BUGIS STREET
1782,JALAN BINTANG TIGA
1783,JALAN LAYANG LAYANG
1784,JALAN PARI KIKIS
1785,SELETAR AEROSPACE VIEW
1786,EDGEFIELD WALK
1787,PALMER ROAD
1788,SPRINGWOOD CRESCENT
1789,GEYLANG EAST CENTRAL
1790,MARGOLIOUTH ROAD
1791,NAMLY VIEW
1792,TOH YI ROAD
1793,GERALD DRIVE
1794,SUNGEI KADUT STREET 6
1795,PASIR RIS RISE
1796,OXLEY RISE
1797,CALDECOTT CLOSE
1798,JALAN KERIA
1799,ELIZABETH DRIVE
1800,JALAN BUMBONG
1801,GEMMILL LANE
1802,NAMLY AVENUE
1803,SIRAT PLACE
1804,WOODLANDS DRIVE 60
1805,FIR AVENUE
1806,LENTOR WALK
1807,LOMPANG ROAD
1808,JALAN KAKATUA
1809,ONTARIO AVENUE
1810,SEA BREEZE WALK
1811,BALMORAL PARK
1812,JALAN KELICHAP
1813,ELITE PARK AVENUE
1814,CLOVER WAY
1815,LABRADOR VILLA ROAD
1816,DEFU LANE 8
1817,BUKIT MERAH LANE 3
1818,JALAN KECHOT
1819,TUAS AVENUE 10
1820,ARCADIA ROAD
1821,PENJURU PLACE
1822,BILAL LANE
1823,JALAN MINGGU
1824,LENGKONG DUA
1825,BALMORAL CRESCENT
1826,TANJONG PENJURU CRESCENT
1827,SARACA VIEW
1828,JALAN ANTOI
1829,ANG MO KIO STREET 61
1830,JALAN MA'MOR
1831,JALAN SAUDARA KU
1832,YISHUN STREET 72
1833,SHANGRI-LA WALK
1834,LORONG SARHAD
1835,CLIFTON VALE
1836,LORONG 42 GEYLANG
1837,WOODLANDS DRIVE 40
1838,VERDE CRESCENT
1839,SUMANG LINK
1840,KEW TERRACE
1841,FUSIONOPOLIS WAY
1842,PALM AVENUE
1843,LORONG MAMBONG
1844,COWDRAY AVENUE
1845,KING'S DRIVE
1846,GANGES AVENUE
1847,CORPORATION WALK
1848,ROBIN ROAD
1849,BEGONIA TERRACE
1850,SENG POH LANE
1851,JASMINE ROAD
1852,BIOPOLIS DRIVE
1853,TOA PAYOH WEST
1854,ISLAND GARDENS WALK
1855,PANDAN GARDENS
1856,JALAN PARI DEDAP
1857,GERALD CRESCENT
1858,THOMSON CLOSE
1859,JALAN RUMIA
1860,NORRIS ROAD
1861,JALAN PINTAU
1862,NIM DRIVE
1863,LORONG WOODLANDS KECHIL
1864,SHANGHAI ROAD
1865,SENJA CLOSE
1866,JALAN BINJAI
1867,QUEMOY ROAD
1868,JALAN RIANG
1869,WOODLANDS AVENUE 3
1870,TAMPINES STREET 84
1871,BAYFRONT AVENUE
1872,HINDHEDE ROAD
1873,ADMIRALTY ROAD WEST
1874,LORONG 21A GEYLANG
1875,HENDON ROAD
1876,JALAN LABU MANIS
1877,JALAN TEKAD
1878,JALAN ZAMRUD
1879,KLANG LANE
1880,JALAN CHENGKEK
1881,CHOA CHU KANG AVENUE 7
1882,JALAN TIGA RATUS
1883,HOOT KIAM ROAD
1884,LORONG PAYA LEBAR
1885,THOMSON TERRACE
1886,MERRYN AVENUE
1887,DUKE'S ROAD
1888,ADMIRALTY ROAD EAST
1889,CHIA ENG SAY ROAD
1890,JALAN KATHI
1891,GUL STREET 4
1892,FLORISSA PARK
1893,JALAN KUNING
1894,SUNRISE DRIVE
1895,LORONG 7 REALTY PARK
1896,LORONG LADA HITAM
1897,TUAS VIEW CLOSE
1898,JALAN MINYAK
1899,YISHUN AVENUE 2
1900,JALAN DUA
1901,MONTREAL DRIVE
1902,WOODLANDS AVENUE 12
1903,JALAN MERAH SAGA
1904,PATERSON ROAD
1905,TUKANG INNOVATION DRIVE
1906,FLORENCE CLOSE
1907,DEFU LANE 4
1908,TAMPINES INDUSTRIAL DRIVE
1909,SARACA PLACE
1910,PARRY VIEW
1911,LORONG SEMANGKA
1912,JALAN SEAVIEW
1913,TAI KENG AVENUE
1914,DUCHESS WALK
1915,GUOK AVENUE
1916,BISHAN STREET 21
1917,WALMER DRIVE
1918,LENGKONG ENAM
1919,MERANTI CRESCENT
1920,GAMBIR WALK
1921,JOO KOON CRESCENT
1922,BISHAN PLACE
1923,YUNG PING ROAD
1924,WESTWOOD TERRACE
1925,PESARI WALK
1926,LORONG 106 CHANGI
1927,SURREY ROAD
1928,GOPENG STREET
1929,WHITCHURCH ROAD
1930,JALAN GELEGAR
1931,RAMSGATE ROAD
1932,DEFU LANE 6
1933,KAMPONG ARANG ROAD
1934,SUNRISE WAY
1935,KINGSMEAD ROAD
1936,BEDOK TERRACE
1937,BINJAI PARK
1938,SENTOSA GATEWAY
1939,JALAN KENARAH
1940,SIMS VIEW
1941,BISHAN STREET 23
1942,LORONG PISANG HIJAU
1943,WAK HASSAN DRIVE
1944,JALAN SETIA
1945,ALEXANDRA VIEW
1946,DEDAP ROAD
1947,DERBYSHIRE ROAD
1948,MERBAU ROAD
1949,RAFFLES AVENUE
1950,FIRST AVENUE
1951,BEDOK RISE
1952,WEST COAST VIEW
1953,MERRYN DRIVE
1954,CONISTON GROVE
1955,BERMUDA ROAD
1956,JALAN TUPAI
1957,JALAN HWI YOH
1958,JALAN MESIN
1959,TUAS SOUTH STREET 13
1960,BENG WAN ROAD
1961,KENT ROAD
1962,MAKEPEACE ROAD
1963,JALAN JENDELA
1964,JALAN ISMAIL
1965,BEDOK GARDEN
1966,JALAN WANGI
1967,TAMPINES NORTH DRIVE 2
1968,LEONIE HILL ROAD
1969,JALAN KRIAN
1970,KAKI BUKIT AVENUE 3
1971,TECK CHYE TERRACE
1972,LORONG 1 GEYLANG
1973,MARLENE AVENUE
1974,RIDGEWOOD CLOSE
1975,GUILLEMARD CRESCENT
1976,LENTOR WAY
1977,BALMEG HILL
1978,EDEN GROVE
1979,HARVEY CRESCENT
1980,JURONG EAST CENTRAL 1
1981,LORONG HALUS
1982,TAMPINES STREET 62
1983,YISHUN STREET 44
1984,JALAN DERMAWAN
1985,HOLLAND GROVE DRIVE
1986,CLOVER AVENUE
1987,MARSHALL ROAD
1988,DALVEY ESTATE
1989,JALAN GEMBIRA
1990,BOON TAT STREET
1991,SENGKANG SQUARE
1992,KING ALBERT PARK
1993,OLD PARLIAMENT LANE
1994,FAN YOONG ROAD
1995,FUSIONOPOLIS LINK
1996,DOVER DRIVE
1997,POH HUAT DRIVE
1998,SIGLAP BANK
1999,CHEE HOON AVENUE
2000,TUAS BAY CLOSE
2001,SERAYA LANE
2002,BERRIMA ROAD
2003,WARINGIN WALK
2004,BIDEFORD ROAD
2005,KALLANG SECTOR
2006,JALAN MUHIBBAH
2007,LEO DRIVE
2008,WARINGIN PARK
2009,NEW PUNGGOL ROAD
2010,PALM GROVE AVENUE
2011,DEFU SOUTH STREET 1
2012,BEDOK RIA CRESCENT
2013,LORONG 41 GEYLANG
2014,MEDIA CIRCLE
2015,PUNGGOL WAY
2016,LEEDON HEIGHTS
2017,PERAK ROAD
2018,SENJA LINK
2019,JALAN TARI PIRING
2020,CASSIA DRIVE
2021,PAHANG STREET
2022,LICHI AVENUE
2023,YUNNAN ROAD
2024,ADIS ROAD
2025,LORONG H TELOK KURAU
2026,NORTH BUONA VISTA ROAD
2027,JALAN KUBOR
2028,DELTA ROAD
2029,PEMIMPIN PLACE
2030,JALAN BANGAU
2031,JURONG WEST STREET 72
2032,HOW SUN WALK
2033,WEYHILL CLOSE
2034,BOURNEMOUTH ROAD
2035,PECK HAY ROAD
2036,THOMSON HILLS DRIVE
2037,LAKESIDE DRIVE
2038,PENHAS ROAD
2039,MAKEWAY AVENUE
2040,TUAS AVENUE 18
2041,SIMEI ROAD
2042,WESTWOOD DRIVE
2043,INSTITUTION HILL
2044,EUNOS AVENUE 5A
2045,BELMONT ROAD
2046,NORTH COAST AVENUE
2047,GOODLINK PARK
2048,GERALD PARK
2049,JALAN RUMAH TINGGI
2050,NEMESU AVENUE
2051,JALAN MULIA
2052,NAMLY RISE
2053,UPAVON ROAD
2054,JALAN NOVENA
2055,JALAN TERUBOK
2056,PHENG GECK AVENUE
2057,LORONG 27A GEYLANG
2058,HYTHE ROAD
2059,ETTRICK TERRACE
2060,JALAN MERDU
2061,CHENG LIM FARMWAY 1
2062,TECK GUAN STREET
2063,JALAN ASUHAN
2064,COVE WAY
2065,SOO CHOW WALK
2066,TIONG POH ROAD
2067,SEMBAWANG VISTA
2068,LENTOR LANE
2069,THAM SOONG AVENUE
2070,RIVERSIDE ROAD
2071,CHEMPAKA AVENUE
2072,JALAN WARINGIN
2073,JALAN BANGKET
2074,WINCHESTER ROAD
2075,HIGHLAND ROAD
2076,LUCKY GARDENS
2077,SELETAR WEST FARMWAY 4
2078,PITT STREET
2079,GLOUCESTER ROAD
2080,BONHAM STREET
2081,TUAS SOUTH AVENUE 8
2082,JALAN BUNGA RAMPAI
2083,CHIN BEE CRESCENT
2084,HARBOURFRONT WALK
2085,FOURTH CHIN BEE ROAD
2086,JALAN ASAS
2087,TUAS VIEW PLACE
2088,COCHRANE CRESCENT
2089,MANDAI ROAD
2090,JALAN TANJONG
2091,RUBY LANE
2092,SIMEI STREET 2
2093,GREENLEAF DRIVE
2094,PAYA LEBAR STREET
2095,KURAU TERRACE
2096,CORFE PLACE
2097,SWISS VIEW
2098,KAKI BUKIT VIEW
2099,TAMPINES AVENUE 7
2100,BALI LANE
2101,BUANGKOK SOUTH FARMWAY 1
2102,TRACTOR ROAD
2103,JALAN TEMBUSU
2104,CHUAN HOE AVENUE
2105,FARLEIGH AVENUE
2106,THOMSON HILL
2107,TUAS SOUTH LINK 1
2108,SUNSET TERRACE
2109,TUNG PO AVENUE
2110,JALAN SANKAM
2111,WOODGROVE DRIVE
2112,ANG MO KIO DRIVE
2113,SERANGOON NORTH AVENUE 5
2114,LENTOR PLAIN
2115,MAYFLOWER ROAD
2116,LENGKONG LIMA
2117,NANSON ROAD
2118,PASIR RIS STREET 53
2119,JURONG ROAD
2120,JALAN ANAK PATONG
2121,BUANGKOK SOUTH FARMWAY 5
2122,JALAN RUKAM
2123,JALAN CHENGAM
2124,FRANKEL STREET
2125,EASTWOOD WALK
2126,LEITH ROAD
2127,DEMPSEY ROAD
2128,JURONG ROAD - TRACK 18
2129,KAMPONG WAK HASSAN
2130,FABER TERRACE
2131,BIN TONG PARK
2132,DOVER RISE
2133,PARI DEDAP WALK
2134,SUFFOLK ROAD
2135,MATLOCK RISE
2136,JALAN SERENE
2137,WELD ROAD
2138,MEI HWAN DRIVE
2139,LOYANG LINK
2140,TEBING LANE
2141,JALAN KELABU ASAP
2142,MARINE DRIVE
2143,FULLERTON SQUARE
2144,BROCKHAMPTON DRIVE
2145,FABER PARK
2146,GOODWOOD HILL
2147,JALAN SENI
2148,TAGORE AVENUE
2149,UPPER CHANGI ROAD NORTH
2150,DIDO STREET
2151,JALAN BERJAYA
2152,HOSPITAL BOULEVARD
2153,GUILLEMARD LANE
2154,TANAH MERAH KECHIL RIDGE
2155,YISHUN AVENUE 1
2156,JALAN KELI
2157,NAMLY CRESCENT
2158,YISHUN STREET 42
2159,GRANGE GARDEN
2160,BLANDFORD DRIVE
2161,KELANTAN ROAD
2162,MONTREAL LINK
2163,CHATSWORTH AVENUE
2164,MARIGOLD DRIVE
2165,LIM LIAK STREET
2166,QUALITY ROAD
2167,SWANAGE ROAD
2168,ST. MARTIN'S DRIVE
2169,SIMON WALK
2170,MISTRI ROAD
2171,DA SILVA LANE
2172,JALAN GAHARU
2173,ADAM DRIVE
2174,PUNGGOL ROAD
2175,PAVILION CIRCLE
2176,LORONG 5 GEYLANG
2177,KALLANG WAY 4
2178,EXPO DRIVE
2179,PLANTATION CRESCENT
2180,RIPLEY CRESCENT
2181,BEDOK NORTH DRIVE
2182,RAFFLES LINK
2183,SENOKO WAY
2184,EMPRESS ROAD
2185,LIM CHU KANG LANE 9
2186,LENGKONG TIGA
2187,JALAN PERGAM
2188,NEO TIEW LANE 2
2189,FULTON AVENUE
2190,SAUJANA ROAD
2191,ARDMORE PARK
2192,ONE-NORTH GATEWAY
2193,HILLVIEW CRESCENT
2194,BELGRAVIA DRIVE
2195,JALAN SUASA
2196,SIGLAP AVENUE
2197,JUBILEE ROAD
2198,CENTRAL BOULEVARD
2199,BROADRICK ROAD
2200,JALAN LATEH
2201,WEST COAST GROVE
2202,LORONG RANTING
2203,SELETAR NORTH LINK
2204,TRURO ROAD
2205,LORONG 7 GEYLANG
2206,JALAN MELATI
2207,JALAN SENTOSA
2208,DOVER CLOSE EAST
2209,TAI KENG PLACE
2210,KWONG AVENUE
2211,VANDA CRESCENT
2212,MERAGI CLOSE
2213,EAST COAST TERRACE
2214,MALCOLM ROAD
2215,LORONG 6 GEYLANG
2216,JALAN HAJI SALAM
2217,PINEWOOD GROVE
2218,TENGAH GARDEN AVENUE
2219,EUNOS AVENUE 7A
2220,CLEMENTI STREET 11
2221,SEA BREEZE AVENUE
2222,LORONG GENDI
2223,VENTURE AVENUE
2224,MARSILING CRESCENT
2225,GREENBANK PARK
2226,CHIN BEE ROAD
2227,LARUT ROAD
2228,JALAN CHEGAR
2229,JALAN PAYOH LAI
2230,LORONG 31 GEYLANG
2231,LORONG GIMBUL
2232,SELETAR WEST FARMWAY 7
2233,KIM SENG WALK
2234,PASIR PANJANG DRIVE
2235,JOO AVENUE
2236,KAY SIANG ROAD
2237,NEYTHAL ROAD
2238,GARDENIA ROAD
2239,BUKIT TERESA CLOSE
2240,SUMMER PLACE
2241,YUNNAN DRIVE 3
2242,TOH DRIVE
2243,JALAN SIMPANG BEDOK
2244,CHIN BEE DRIVE
2245,NORFOLK ROAD
2246,MINARET WALK
2247,REDWOOD AVENUE
2248,JALAN ARNAP
2249,WOODLEIGH LANE
2250,KRANJI LINK
2251,YUNNAN CRESCENT
2252,YORK HILL
2253,GREENDALE RISE
2254,WIMBORNE ROAD
2255,GALLOP PARK ROAD
2256,TURF CLUB AVENUE
2257,JALAN KAYU MANIS
2258,JALAN SIAP
2259,ORCHARD TURN
2260,HOW SUN AVENUE
2261,JALAN KUPANG
2262,ADAM ROAD
2263,OXLEY WALK
2264,ALJUNIED AVENUE 4
2265,SUNGEI KADUT CRESCENT
2266,TAI HWAN DRIVE
2267,LENTOR TERRACE
2268,WOO MON CHEW ROAD
2269,CLARENCE LANE
2270,GUL CRESCENT
2271,CASHEW CRESCENT
2272,PRINCE OF WALES ROAD
2273,ENG KONG DRIVE
2274,ROSYTH TERRACE
2275,EVERITT ROAD NORTH
2276,VAUGHAN ROAD
2277,WEST CAMP ROAD
2278,RUSSELS ROAD
2279,FERNHILL CRESCENT
2280,CACTUS CRESCENT
2281,ELIAS TERRACE
2282,SERANGOON TERRACE
2283,INTERNATIONAL ROAD
2284,WOODLANDS INDUSTRIAL PARK E2
2285,LORONG 18 GEYLANG
2286,HUME HEIGHTS
2287,KIM PONG ROAD
2288,ORCHID CLUB ROAD
2289,JALAN MAS KUNING
2290,SUNGEI KADUT DRIVE
2291,SURIN ROAD
2292,MARSILING IND ESTATE ROAD 1
2293,AROOZOO AVENUE
2294,BAGHDAD STREET
2295,SPRINGSIDE AVENUE
2296,ARK LANE
2297,CHESTNUT DRIVE
2298,SIMS AVENUE EAST
2299,SELETAR WEST FARMWAY 1
2300,JALAN MAWAR
2301,TUAS AVENUE 13
2302,HONG KAH DRIVE
2303,TUAS BASIN LINK
2304,JALAN CHEMPAKA PUTEH
2305,MAPLE AVENUE
2306,VERDE GROVE
2307,AH SOO GARDEN
2308,SPRINGLEAF ROAD
2309,ERSKINE ROAD
2310,KENSINGTON PARK DRIVE
2311,JALAN KLEDEK
2312,THE INGLEWOOD
2313,ORIOLE CRESCENT
2314,CHEMPAKA KUNING LINK
2315,LORONG PISANG EMAS
2316,TUAS WEST DRIVE
2317,KURAU PLACE
2318,WOKING ROAD
2319,CASHEW ROAD
2320,TUAS WEST AVENUE
2321,TANJONG KLING ROAD
2322,ROBIN WALK
2323,LOYANG BESAR CLOSE
2324,TAMAN MAS MERAH
2325,CARMICHAEL ROAD
2326,YUNNAN WALK 3
2327,LIM CHU KANG LANE 6D
2328,LORONG PENDEK
2329,JALAN BINCHANG
2330,KIAN TECK CRESCENT
2331,SCIENCE CENTRE ROAD
2332,RIVERINA CRESCENT
2333,WOODLANDS AVENUE 2
2334,SERANGOON GARDEN PLACE
2335,CLAYMORE HILL
2336,KALLANG WAY 3
2337,CUSCADEN WALK
2338,ONE TREE HILL
2339,SHANGRI-LA CLOSE
2340,LILAC WALK
2341,RODYK STREET
2342,TUAS AVENUE 12
2343,SUNGEI KADUT STREET 5
2344,STRATTON PLACE
2345,JALAN UJI
2346,MIMOSA PLACE
2347,VIKING ROAD
2348,NEO TIEW LANE
2349,BEDOK RIA TERRACE
2350,LOYANG WAY 1
2351,WHITE HOUSE PARK
2352,MARIAM CLOSE
2353,SUNRISE CLOSE
2354,TAI HWAN HEIGHTS
2355,GOLDHILL AVENUE
2356,GEYLANG SQUARE
2357,SHREWSBURY ROAD
2358,MEYAPPA CHETTIAR ROAD
2359,PASIR RIS FARMWAY 2
2360,BRISTOL ROAD
2361,LOYANG WALK
2362,KAMPONG EUNOS
2363,MACKERROW ROAD
2364,KANDAHAR STREET
2365,JALAN LEPAS
2366,YISHUN STREET 41
2367,TAMPINES AVENUE
2368,JALAN ARUAN
2369,SARACA TERRACE
2370,HAPPY AVENUE CENTRAL
2371,ANG MO KIO STREET 23
2372,MOONBEAM WALK
2373,LORONG HALWA
2374,NAMLY DRIVE
2375,TAMAN HO SWEE
2376,WEST COAST GREEN
2377,KOH SEK LIM ROAD
2378,MERAGI ROAD
2379,PHOENIX GARDEN
2380,JALAN SELANTING
2381,KIM CHUAN ROAD
2382,EVANS ROAD
2383,HOW SUN ROAD
2384,JALAN KEMAJUAN
2385,MIMOSA VALE
2386,WEST COAST VALE
2387,LIMAU GROVE
2388,SUNSET AVENUE
2389,MEYER PLACE
2390,BUKIT PANJANG ROAD
2391,BURY ROAD
2392,JALAN LEMBAH THOMSON
2393,WOODLANDS RISE
2394,ANG MO KIO CENTRAL 3
2395,JALAN LANJUT
2396,CLOVER RISE
2397,TEO KIM ENG ROAD
2398,GENTLE ROAD
2399,THOMSON LANE
2400,JALAN BULOH PERINDU
2401,JALAN BATALONG
2402,MARINA PARK
2403,PAYA LEBAR WALK
2404,JALAN GELAM
2405,TAMPINES NORTH DRIVE 4
2406,DUKU PLACE
2407,SUNRISE LANE
2408,DYSON ROAD
2409,PORTCHESTER AVENUE
2410,TAMPINES LANE
2411,DELTA AVENUE
2412,BRANKSOME ROAD
2413,PICCADILLY
2414,PRINCE PHILIP AVENUE
2415,YARWOOD AVENUE
2416,TAMAN NAKHODA
2417,JALAN LEKAR
2418,BEDOK WALK
2419,NERAM CRESCENT
2420,COVE DRIVE
2421,SANDY LANE
2422,REGENT STREET
2423,WINDSOR PARK ROAD
2424,GREENLEAF LANE
2425,MARSILING IND ESTATE ROAD 9
2426,LI HWAN VIEW
2427,WILTON CLOSE
2428,SIMON PLACE
2429,MAJU AVENUE
2430,JALAN LIMAU BALI
2431,SPRINGLEAF GARDEN
2432,BEDOK PLACE
2433,TUAS AVENUE 18A
2434,KUO CHUAN AVENUE
2435,OLD NELSON ROAD
2436,HAIGSVILLE DRIVE
2437,MARIAM WALK
2438,TOSCA TERRACE
2439,JALAN KURAS
2440,BUTTERFLY AVENUE
2441,SOO CHOW WAY
2442,KRANJI CRESCENT
2443,JALAN CHERPEN
2444,MAYFLOWER TERRACE
2445,HARLYN ROAD
2446,LORONG SULUR
2447,CHEPSTOW CLOSE
2448,TANAH MERAH BESAR LANE
2449,PEAKVILLE WALK
2450,JALAN KLINIK
2451,BEE SAN AVENUE
2452,JALAN RIMAU
2453,WALTON ROAD
2454,SIGLAP VIEW
2455,JOO CHIAT AVENUE
2456,SIGLAP GARDENS
2457,DUCHESS ROAD
2458,HOLLAND PARK
2459,TUKANG INNOVATION GROVE
2460,PARK VILLAS GREEN
2461,CHANGI SOUTH AVENUE 4
2462,JALAN MARIAM
2463,EVERITT ROAD
2464,LORONG 37 GEYLANG
2465,PASIR RIS TERRACE
2466,CHUAN PLACE
2467,BINCHANG WALK
2468,CARMEN STREET
2469,JALAN SEDAP
2470,THONG SOON AVENUE
2471,TUAS SOUTH STREET 6
2472,BRIGHTON AVENUE
2473,TAMPINES STREET 85
2474,BURGHLEY DRIVE
2475,LORONG 101 CHANGI
2476,ST. NICHOLAS VIEW
2477,THONG BEE ROAD
2478,TUAS SOUTH AVENUE 10
2479,ADAM PARK
2480,TUAS SOUTH STREET 10
2481,GUL LINK
2482,FOWLIE ROAD
2483,BUKIT TINGGI ROAD
2484,NANYANG CIRCLE
2485,EBER ROAD
2486,EUNOS AVENUE 8A
2487,JALAN LEGUNDI
2488,TAI HWAN PLACE
2489,JALAN ARIF
2490,MANDAI ROAD - TRACK 16
2491,JALAN RAJAWALI
2492,BINCHANG RISE
2493,LIM CHU KANG LANE 6F
2494,FLANDERS SQUARE
2495,THE OVAL
2496,MANGIS ROAD
2497,FABER WALK
2498,KISMIS AVENUE
2499,ENGINEERING DRIVE 3
2500,MAIDSTONE ROAD
2501,LENGKONG EMPAT
2502,HARTLEY GROVE
2503,SULTAN GATE
2504,TUAS SOUTH AVENUE 3
2505,SILAT AVENUE
2506,BELVEDERE CLOSE
2507,ANG MO KIO AVENUE 12
2508,MAYFLOWER RISE
2509,HIGHLAND CLOSE
2510,TAI HWAN CRESCENT
2511,GREENWOOD CRESCENT
2512,PAVILION GREEN
2513,UNIVERSITY ROAD
2514,MADRAS STREET
2515,ALNWICK ROAD
2516,GROVE DRIVE
2517,DAIRY FARM LANE
2518,WESTERHOUT ROAD
2519,BELILIOS ROAD
2520,TONG LEE ROAD
2521,LOTHIAN TERRACE
2522,BUTTERWORTH LANE
2523,WESTLAKE AVENUE
2524,LORONG 24 GEYLANG
2525,GUL STREET 1
2526,EUNOS ROAD 4
2527,FOURTH AVENUE
2528,YIO CHU KANG GARDENS
2529,JALAN SIANTAN
2530,STRATTON DRIVE
2531,SIGLAP RISE
2532,TUAS SOUTH AVENUE 6
2533,JALAN TIGA
2534,LORONG LIAT
2535,DIX ROAD
2536,KOVAN RISE
2537,LA SALLE STREET
2538,JURONG WEST STREET 62
2539,MURRAY STREET
2540,SUNBIRD ROAD
2541,JALAN JERUJU
2542,SEAGULL WALK
2543,GARLICK AVENUE
2544,JALAN SINAR BULAN
2545,SWETTENHAM GREEN
2546,TUAS BAY DRIVE
2547,SAMPAN PLACE
2548,EATON WALK
2549,JALAN BAIDURI
2550,TUAS LINK 1
2551,HALTON ROAD
2552,KALLANG WAY 2A
2553,ST. HELIER'S AVENUE
2554,JALAN CHERMAT
2555,LILY AVENUE
2556,JIAK CHUAN ROAD
2557,TUAS AVENUE 3
2558,LIM AH WOO ROAD
2559,SENNETT AVENUE
2560,JALAN LAPANG
2561,JALAN TARI SERIMPI
2562,THOMSON HEIGHTS
2563,JAPANESE GARDEN ROAD
2564,JALAN HUSSEIN
2565,KIM KEAT LANE
2566,ANTHONY ROAD
2567,TAI HWAN TERRACE
2568,SPRINGLEAF RISE
2569,CENTRAL EXCHANGE GREEN
2570,CHOON GUAN STREET
2571,LINDEN DRIVE
2572,CHATSWORTH ROAD
2573,HENDRY CLOSE
2574,KANG CHOO BIN WALK
2575,EVERGREEN AVENUE
2576,MAYFLOWER PLACE
2577,TUAS VIEW WALK 1
2578,MOUNT SINAI VIEW
2579,EUNOS ROAD 2
2580,IQBAL AVENUE
2581,TUAS AVENUE 20
2582,TAI HWAN GROVE
2583,LINK ROAD
2584,LORONG 102 CHANGI
2585,YARROW GARDENS
2586,JALAN SENANDONG
2587,TAI HWAN AVENUE
2588,UNITY STREET
2589,CHATSWORTH PARK
2590,PAVILION STREET
2591,PASIR RIS STREET 41
2592,CHANGI NORTH STREET 2
2593,ORCHID DRIVE
2594,JALAN POKOK SERUNAI
2595,SPRINGSIDE WALK
2596,RIVIERA DRIVE
2597,DUNEARN CLOSE
2598,NANYANG VIEW
2599,CORONATION DRIVE
2600,SPRINGLEAF HEIGHT
2601,JALAN TELIPOK
2602,BOSCOMBE ROAD
2603,LIM TAI SEE WALK
2604,LORONG SAMAK
2605,CLOVER CLOSE
2606,SELETAR CLOSE
2607,JALAN MERBOK
2608,GUNNER LANE
2609,WAK HASSAN PLACE
2610,SOMMERVILLE ESTATE ROAD
2611,DUKU LANE
2612,CAIRNHILL RISE
2613,LIMBOK TERRACE
2614,KEW HEIGHTS
2615,TONG WATT ROAD
2616,BIOMEDICAL GROVE
2617,SIGLAP AVENUE SOUTH
2618,TUAS AVENUE 4
2619,TERRASSE LANE
2620,PUNGGOL PORT ROAD
2621,BEATTY ROAD
2622,KELULUT HILL
2623,YIO CHU KANG TERRACE
2624,JALAN BINGKA
2625,STADIUM ROAD
2626,JALAN KORMA
2627,MERGUI ROAD
2628,SPRINGWOOD WALK
2629,LOK YANG WAY
2630,JALAN HANG JEBAT
2631,YUNNAN DRIVE 1
2632,LOKE YEW STREET
2633,SPRINGSIDE GREEN
2634,LORONG NAPIRI
2635,KEE SUN AVENUE
2636,ANDREWS AVENUE
2637,JALAN NAUNG
2638,SPRINGLEAF VIEW
2639,VERDE VIEW
2640,CHANGI NORTH WAY
2641,HIGHLAND TERRACE
2642,JALAN SEMBAWANG KECHIL
2643,FORD AVENUE
2644,SIMEI STREET 5
2645,SARKIES ROAD
2646,EE TEOW LENG ROAD
2647,CHAI CHEE DRIVE
2648,EUNOS ROAD 5
2649,JALAN MAT JAMBOL
2650,JALAN KURNIA
2651,JALAN JITONG
2652,SHAIK MADERSAH LANE
2653,PASIR RIS COAST IND PARK 1
2654,EASTWOOD TERRACE
2655,GUAN CHUAN STREET
2656,BATH ROAD
2657,JALAN JAMAL
2658,JALAN ANGGEREK
2659,STANGEE PLACE
2660,AYER MERBAU ROAD
2661,SENOKO AVENUE
2662,TAI YUAN HEIGHTS
2663,BUKIT BATOK EAST AVENUE 6
2664,PANDAN AVENUE
2665,RAMBAI ROAD
2666,MARANG ROAD
2667,TUAS SOUTH AVENUE 5
2668,JALAN KERAYONG
2669,JALAN CHERMAI
2670,LORONG PISANG UDANG
2671,PASIR RIS DRIVE 8
2672,CHESTNUT CRESCENT
2673,JALAN KERUING
2674,ANGULLIA PARK
2675,JALAN TANAH PUTEH
2676,LOEWEN ROAD
2677,SOO CHOW VIEW
2678,PARK VALE
2679,JALAN LAM SAM
2680,HONG LEE PLACE
2681,CHAPEL CLOSE
2682,MINBU ROAD
2683,LI PO AVENUE
2684,JALAN CHEMPAH
2685,PUNGGOL ROAD - TRACK 24
2686,JURONG PIER ROAD
2687,LENTOR PLACE
2688,TUAS BASIN LANE
2689,BISHAN STREET 14
2690,CHAPEL ROAD
2691,ROYAL ROAD
2692,WESTRIDGE WALK
2693,ALPS AVENUE
2694,JALAN MAHIR
2695,STILL ROAD SOUTH
2696,DEFU LANE 12
2697,SPRINGSIDE PLACE
2698,JALAN YASIN
2699,CHANCERY HILL WALK
2700,JALAN RABU
2701,GUL STREET 2
2702,MELROSE DRIVE
2703,RICHARDS AVENUE
2704,BURGUNDY DRIVE
2705,TUAS BAY WALK
2706,MARTIA ROAD
2707,WOODLANDS INDUSTRIAL PARK E6
2708,LORONG 25 GEYLANG
2709,TAMAN SIGLAP
2710,JALAN JAMBATAN LAMA
2711,WOODLANDS DRIVE 42
2712,JALAN EMAS URAI
2713,WEST COAST TERRACE
2714,JOO CHIAT WALK
2715,WALSHE ROAD
2716,SOO CHOW DRIVE
2717,CORAL ISLAND
2718,KIM KEAT CLOSE
2719,HIGHGATE CRESCENT
2720,WARWICK ROAD
2721,JALAN PERWIRA
2722,PIONEER SECTOR 3
2723,TOH AVENUE
2724,JALAN LABU AYER
2725,YORK PLACE
2726,SILAT ROAD
2727,REBECCA ROAD
2728,POH HUAT TERRACE
2729,SENOKO LINK
2730,FABER CRESCENT
2731,TAMPINES INDUSTRIAL AVENUE 5
2732,JALAN BUNGA RAYA
2733,BODMIN DRIVE
2734,HARVEY AVENUE
2735,JALAN CHELAGI
2736,GOLDEN RISE
2737,JALAN MANIS
2738,LOWER KENT RIDGE ROAD
2739,CHUAN WALK
2740,PLANTATION AVENUE
2741,RACE COURSE LANE
2742,SELETAR COURT
2743,HINDHEDE DRIVE
2744,LORONG TUKANG SATU
2745,MUGLISTON ROAD
2746,SUNSET PLACE
2747,BISHOPS PLACE
2748,TOH CRESCENT
2749,SEMBAWANG WAY
2750,MOONBEAM VIEW
2751,PARRY WALK
2752,JALAN SATU
2753,CHARTWELL DRIVE
2754,OLD HOLLAND ROAD
2755,LORONG 108 CHANGI
2756,LI HWAN CLOSE
2757,CHESTNUT CLOSE
2758,TUAS AVENUE 8
2759,TUAS LINK 2
2760,HOLLAND LINK
2761,CAPRICORN DRIVE
2762,HOLLAND HEIGHTS
2763,TANGLIN RISE
2764,PIONEER SECTOR 2
2765,JALAN JAMBU MAWAR
2766,UBI CLOSE
2767,KAKI BUKIT AVENUE 2
2768,BARTLEY ROAD
2769,MERRYN CLOSE
2770,JALAN SELAMAT
2771,LORONG KEBASI
2772,LORONG ASRAMA
2773,GUAN SOON AVENUE
2774,UPPER BEDOK ROAD
2775,CHIAP GUAN AVENUE
2776,SUM WAH CHEE DRIVE
2777,PASIR PANJANG HILL
2778,DALKEITH ROAD
2779,JALAN BELANGKAS
2780,SOMME ROAD
2781,CHUAN LINK
2782,YOUNGBERG TERRACE
2783,HOOPER ROAD
2784,JALAN UNGGAS
2785,TAMPINES STREET 64
2786,RANGOON LANE
2787,TANGLIN HALT CLOSE
2788,SIAK KEW AVENUE
2789,NORTHSHORE CRESCENT
2790,FARRER PARK STATION ROAD
2791,LUXUS HILL DRIVE
2792,WILKIE TERRACE
2793,JALAN CHEMPEDAK
2794,JIAK KIM STREET
2795,SUFFOLK WALK
2796,CHANGI BUSINESS PARK AVENUE 1
2797,TAMPINES WALK
2798,DEPTFORD ROAD
2799,SANDOWN PLACE
2800,LYNDHURST ROAD
2801,LENTOR CRESCENT
2802,WOODLANDS INDUSTRIAL PARK E
2803,DALVEY ROAD
2804,KALLANG WAY 1
2805,HOW SUN CLOSE
2806,TUAS AVENUE 5
2807,CLYDE STREET
2808,KAMPONG SAN TENG
2809,FISH FARM ROAD 2
2810,YUNNAN WALK 2
2811,TEBAN GARDENS CRESCENT
2812,CHEOW KENG ROAD
2813,ARNASALAM CHETTY ROAD
2814,SELETAR AEROSPACE CRESCENT
2815,VALLEY ROAD
2816,PRINCE CHARLES RISE
2817,STARLIGHT ROAD
2818,ANG MO KIO STREET 44
2819,NANYANG AVENUE
2820,RIVER VALLEY GROVE
2821,JALAN LIMAU MANIS
2822,MILLER STREET
2823,EASTWOOD GREEN
2824,SURIN LANE
2825,COLLEGE ROAD
2826,MONK'S HILL ROAD
2827,GREENWOOD LANE
2828,LORONG 105 CHANGI
2829,CLEMENTI STREET 14
2830,MERPATI ROAD
2831,STILL LANE
2832,KEW WALK
2833,AH SOO WALK
2834,SELETAR WEST FARMWAY 2
2835,VANDA ROAD
2836,LORONG 1 REALTY PARK
2837,KENT RIDGE CRESCENT
2838,JALAN MENARONG
2839,TUAS LINK 3
2840,TANAH MERAH KECHIL ROAD SOUTH
2841,JURONG WEST STREET 24
2842,JALAN BENA
2843,JALAN DEMAK
2844,TUAS AVENUE 6
2845,SEA BREEZE ROAD
2846,GREENLEAF AVENUE
2847,JALAN SHAER
2848,NEO PEE TECK LANE
2849,TUAS SOUTH BOULEVARD
2850,NIM RISE
2851,CLIVE STREET
2852,JALAN BASONG
2853,MOUNT SINAI AVENUE
2854,STURDEE ROAD NORTH
2855,TUAS BASIN CLOSE
2856,FAIR DRIVE
2857,KAMPONG KAYU ROAD
2858,PIONEER PLACE
2859,COTSWOLD CLOSE
2860,SUNRISE TERRACE
2861,LORONG CHENCHARU
2862,NANYANG CRESCENT
2863,MARSILING IND ESTATE ROAD 8
2864,SAKRA ROAD
2865,SPRINGSIDE VIEW
2866,KEE SENG STREET
2867,DRAYCOTT PARK
2868,TOPAZ ROAD
2869,JALAN BATU NILAM
2870,BRIZAY PARK
2871,SEMBAWANG AVENUE
2872,JALAN HIBORAN
2873,PEGU ROAD
2874,ANDOVER ROAD
2875,CEDAR AVENUE
2876,JALAN SEJARAH
2877,JALAN SEGAM
2878,TUAS VIEW CIRCUIT
2879,JURONG EAST STREET 12
2880,JALAN MACHANG
2881,KERONG LANE
2882,NAMLY GROVE
2883,PASIR RIS AVENUE
2884,CHILTERN DRIVE
2885,JALAN BAHASA
2886,TUAS SOUTH DRIVE
2887,LENTOR CENTRAL
2888,JALAN CHULEK
2889,BOUNDARY ROAD
2890,JALAN SUKACHITA
2891,WAJEK WALK
2892,RIVERINA WALK
2893,PAYA LEBAR CLOSE
2894,ROCHALIE DRIVE
2895,SIGLAP WALK
2896,TANGLIN HILL
2897,LORONG HANDALAN
2898,ASTRID HILL
2899,PEMIMPIN TERRACE
2900,TURUT TRACK
2901,COUNTRYSIDE VIEW
2902,GREENMEAD AVENUE
2903,GERALD TERRACE
2904,OEI TIONG HAM PARK
2905,GARDEN STREET
2906,JOON HIANG ROAD
2907,NIM TERRACE
2908,JALAN RENGAS
2909,MANDAI LAKE ROAD
2910,RICHARDS PLACE
2911,BENOI LANE
2912,SIMEI LANE
2913,BASSEIN ROAD
2914,PASIR RIS CENTRAL STREET 3
2915,MAYFLOWER WAY
2916,SPRINGLEAF LANE
2917,SIMON LANE
2918,LORONG PISANG RAJA
2919,PINE WALK
2920,HAPPY AVENUE EAST
2921,CYPRESS AVENUE
2922,LEMON AVENUE
2923,POH HUAT CRESCENT
2924,PIONEER LANE
2925,HOW SUN DRIVE
2926,PHOENIX AVENUE
2927,WATTEN CLOSE
2928,ONE-NORTH CRESCENT
2929,THONG SOON ROAD
2930,ESSEX ROAD
2931,CHANGI SOUTH AVENUE 1
2932,GROVE AVENUE
2933,SAUNDERS ROAD
2934,CANBERRA VIEW
2935,YISHUN STREET 43
2936,SANDILANDS ROAD
2937,SILOSO ROAD
2938,DE SOUZA AVENUE
2939,CHUAN GARDEN
2940,JALAN JATI
2941,FISH FARM ROAD 3
2942,STEVENS CLOSE
2943,MOUNT PLEASANT ROAD
2944,PRINCE CHARLES SQUARE
2945,WESTWOOD ROAD
2946,SELETAR GREEN WALK
2947,TUAS SOUTH STREET 7
2948,CHISELHURST GROVE
2949,YUNG HO WALK
2950,JALAN ISTIMEWA
2951,STONE AVENUE
2952,JALAN TOA PAYOH
2953,JALAN SELENDANG DELIMA
2954,PROME ROAD
2955,KISMIS GREEN
2956,ARANG DRIVE
2957,HEMSLEY AVENUE
2958,LORONG SIGLAP
2959,BEDOK RIA WALK
2960,LIU FANG ROAD
2961,STRATTON WALK
2962,SALAM WALK
2963,JALAN HALAMAN KEDAI
2964,TUAS SOUTH STREET 12
2965,JALAN PELATOK
2966,OLD CHOA CHU KANG ROAD
2967,MARYMOUNT TERRACE
2968,PRIMROSE AVENUE
2969,GREENFIELD DRIVE
2970,SPRINGSIDE CRESCENT
2971,LENTOR VALE
2972,TUAS SOUTH LINK 2
2973,AIRPORT ROAD
2974,BUKIT CHERMIN ROAD
2975,JALAN NAGA SARI
2976,WAN LEE ROAD
2977,TUAS AVENUE 14
2978,BEACH VIEW
2979,SIMS WAY
2980,GOODMAN ROAD
2981,LORONG TUKANG LIMA
2982,CHANCERY HILL ROAD
2983,GOLDEN DRIVE
2984,PASIR RIS WAY
2985,BEDOK AVENUE
2986,MERAGI TERRACE
2987,HOLLAND GROVE WALK
2988,JALAN JAMBU BATU
2989,KOWLOON ROAD
2990,SHIPYARD CRESCENT
2991,JALAN WAKAFF
2992,WOOLLERTON PARK
2993,JALAN PANDAN
2994,JALAN TANAH RATA
2995,SPRINGLEAF CRESCENT
2996,PENJURU WALK
2997,DEDAP PLACE
2998,LENTOR GROVE
2999,JALAN CHERAH
3000,MEDIA CLOSE
3001,LAKME STREET
3002,JALAN MOLEK
3003,WHAMPOA SOUTH
3004,ELLIOT WALK
3005,KALIDASA AVENUE
3006,BAYSWATER ROAD
3007,JUPITER ROAD
3008,JALAN BAHTERA
3009,JALAN NIRA
3010,NAMLY GARDEN
3011,TOH HEIGHTS
3012,LI HWAN WALK
3013,KENG CHIN ROAD
3014,SENGKANG WEST ROAD
3015,HIGHGATE WALK
3016,TOH TUCK WALK
3017,TANAH MERAH BESAR ROAD
3018,HAIG LANE
3019,LOYANG WAY 4
3020,COLLEGE GREEN
3021,PEAKVILLE AVENUE
3022,LUTHERAN ROAD
3023,SARACA ROAD
3024,LORONG PENCHALAK
3025,HILLVIEW ROAD
3026,TENGAH GARDEN WALK
3027,JEDBURGH GARDENS
3028,AIDA STREET
3029,PIONEER SECTOR WALK
3030,VERDE WALK
3031,TUAS STREET
3032,LIM CHU KANG LANE 5
3033,LOTUS AVENUE
3034,AVA ROAD
3035,CORNWALL ROAD
3036,PESEK ROAD
3037,CANNING WALK
3038,THIAM SIEW AVENUE
3039,PARK LANE
3040,CHEVIOT HILL
3041,LORONG TUKANG TIGA
3042,JALAN SENDUDOK
3043,LEEDON PARK
3044,CLUNY HILL
3045,JALAN WOODBRIDGE
3046,LORONG KEMBANG
3047,STRATTON GREEN
3048,ALLAMANDA GROVE
3049,JALAN LAKUM
3050,LORONG TONGKOL
3051,JALAN PELATINA
3052,LAKME TERRACE
3053,JALAN ANGKUP
3054,JALAN TARI PAYONG
3055,HOUGANG STREET 12
3056,ANAMALAI AVENUE
3057,TUAS LOOP
3058,TUAS WEST ROAD
3059,PERAHU ROAD
3060,JALAN TELANG
3061,PALM ROAD
3062,GREENLEAF WALK
3063,BERNAM STREET
3064,SOO CHOW GARDEN ROAD
3065,TOSCA STREET
3066,LORONG PISANG ASAM
3067,LIM CHU KANG LANE 3A
3068,ST. ANNE'S WOOD
3069,FISHER STREET
3070,LEWIS ROAD
3071,LORONG BATAWI
3072,TAI HWAN LANE
3073,GRAY LANE
3074,JURONG HILL
3075,CAMDEN PARK
3076,WOODLANDS AVENUE 7
3077,CHU YEN STREET
3078,LORONG TERIGU
3079,TAN KIM CHENG ROAD
3080,JALAN LANGGAR BEDOK
3081,DUNKIRK AVENUE
3082,KING'S CLOSE
3083,VERDE PLACE
3084,CHINESE GARDEN ROAD
3085,JALAN PELEPAH
3086,MARINA COASTAL DRIVE
3087,JALAN PUTERI JULA JULI
3088,ASH GROVE
3089,HIGHLAND WALK
3090,MUGLISTON GARDENS
3091,MERRYN TERRACE
3092,ALMOND AVENUE
3093,WOODLANDS SECTOR 2
3094,EASTWOOD DRIVE
3095,CLEMENTI CLOSE
3096,BUKIT TUNGGAL ROAD
3097,NILE ROAD
3098,PEIRCE ROAD
3099,PENAGA PLACE
3100,FIRST STREET
3101,THOMSON VIEW
3102,SIAN TUAN AVENUE
3103,BEECHWOOD GROVE
3104,JALAN GAJUS
3105,CHENG SOON CRESCENT
3106,LIMAU TERRACE
3107,SELETAR WEST FARMWAY 6
3108,JALAN SERENGAM
3109,JALAN BAHAR
3110,JALAN TAMBAN
3111,GUL STREET 3
3112,BULIM AVENUE
3113,OUTRAM HILL
3114,HAI SING ROAD
3115,BAH SOON PAH ROAD
3116,PUNGGOL POINT ROAD
3117,BURGUNDY CRESCENT
3118,ANGORA CLOSE
3119,SELETAR AEROSPACE LANE
3120,SIGLAP TERRACE
3121,BROOKVALE WALK
3122,JALAN MELOR
3123,HAIG AVENUE
3124,QUEEN ASTRID GARDENS
3125,MEI HWAN CRESCENT
3126,FABER GROVE
3127,SPRINGLEAF DRIVE
3128,KEW AVENUE
3129,SEMBONG ROAD
3130,JALAN TAN TOCK SENG
3131,LORONG 110 CHANGI
3132,ZION CLOSE
3133,UPPER WILKIE ROAD
3134,YUNNAN WALK 1
3135,SOUTH CANAL ROAD
3136,VICTORIA PARK ROAD
3137,JALAN TERENTANG
3138,JALAN KELEMPONG
3139,SILAT WALK
3140,LORONG RATNA
3141,JALAN HARI RAYA
3142,LIM CHU KANG LANE 8A
3143,PUNGGOL ROAD - TRACK 1
3144,LORONG WATAS
3145,KANDIS LINK
3146,SUNSET CLOSE
3147,BEGONIA ROAD
3148,MOUNT ECHO PARK
3149,LORONG KESUM
3150,JANSEN CLOSE
3151,HOLLAND GROVE TERRACE
3152,PIONEER SECTOR LANE
3153,ROSEBURN AVENUE
3154,PUNGGOL ROAD - TRACK 13
3155,LOCK ROAD
3156,BATTERSEA ROAD
3157,GOLDEN WALK
3158,WATTEN ESTATE ROAD
3159,BEGONIA WALK
3160,JALAN RASOK
3161,SUNRISE WALK
3162,PASIR PANJANG CLOSE
3163,LORONG KRAK
3164,HOLLAND GREEN
3165,PHOENIX WALK
3166,TAMAN KEMBANGAN
3167,MOHAMED ALI LANE
3168,BISHOPSGATE
3169,CHWEE CHIAN VIEW
3170,FIFTH LOK YANG ROAD
3171,RESEARCH LINK
3172,FABER AVENUE
3173,KWONG MIN ROAD
3174,JALAN NOVENA SELATAN
3175,JALAN GAPIS
3176,JALAN WAK SELAT
3177,ALLENBY ROAD
3178,JALAN TERANG BULAN
3179,TREVOSE PLACE
3180,CONWAY GROVE
3181,AROOZOO LANE
3182,SENTOSA
3183,BINJAI HILL
3184,LIM CHU KANG LANE 6C
3185,JALAN SERULING
3186,SIN MING INDUSTRIAL EST SECTOR C
3187,JALAN SOO BEE
3188,WOODGROVE WALK
3189,CRANBORNE ROAD
3190,SIXTH CRESCENT
3191,JALAN SEH CHUAN
3192,EWART PARK
3193,WEST COAST PLACE
3194,CHONG KUO ROAD
3195,OLIVE ROAD
3196,CHUAN CLOSE
3197,NETHERAVON ROAD
3198,SENNETT DRIVE
3199,AUCKLAND ROAD WEST
3200,TENGAH PARK AVENUE
3201,DEFU LANE 2
3202,KANDIS WALK
3203,JALAN BILAL
3204,GYMKHANA AVENUE
3205,SPOONER ROAD
3206,HYDE PARK GATE
3207,PAVILION GROVE
3208,KHIANG GUAN AVENUE
3209,GRACE WALK
3210,JALAN GREJA
3211,JALAN PENJARA
3212,GRAHAM WHITE DRIVE
3213,LORONG BANDANG
3214,BUKIT MUGLISTON
3215,GALLOP WALK
3216,WILTON GARDENS
3217,PASIR RIS FARMWAY 1
3218,KIM CHENG STREET
3219,LORONG LOW KOON
3220,CHANGI NORTH RISE
3221,PEAKVILLE TERRACE
3222,SOMMERVILLE WALK
3223,PAYA LEBAR PLACE
3224,MOUNT SINAI WALK
3225,JALAN SAHABAT
3226,COUNTRYSIDE PLACE
3227,JALAN USAHA
3228,JALAN KERIS
3229,ST. MARGARET'S ROAD
3230,SELETAR EAST FARMWAY 1
3231,TANK ROAD
3232,JALAN GENDANG
3233,NORTH COAST DRIVE
3234,CIRCUIT LINK
3235,ANG MO KIO ELECTRONICS PARK ROAD
3236,SANDWICH ROAD
3237,JOHORE ROAD
3238,NIM GREEN
3239,ESPLANADE DRIVE
3240,METROPOLE DRIVE
3241,NICOLL HIGHWAY
3242,MARIA AVENUE
3243,MUTHURAMAN CHETTY ROAD
3244,LOYANG PLACE
3245,ADMIRALTY ROAD
3246,MOUNT PLEASANT DRIVE
3247,JALAN AWAN
3248,PARK STREET
3249,JALAN ELOK
3250,BUANGKOK VIEW
3251,CHUAN DRIVE
3252,LORONG TAHAR
3253,YAN KIT VILLAGE
3254,FORT ROAD
3255,JALAN ILMU
3256,PARRY AVENUE
3257,BIOPOLIS STREET
3258,LUCKY VIEW
3259,HILLVIEW LINK
3260,PULAU TEKONG BESAR
3261,CANTON STREET
3262,EDGWARE ROAD
3263,SAKRA AVENUE
3264,SENTUL WALK
3265,JALAN JERMIN
3266,PRINCE GEORGE'S PARK
3267,CHUAN VIEW
3268,CHANGI COAST ROAD
3269,TAI HWAN WALK
3270,JALAN RENDANG
3271,JALAN PARI UNAK
3272,MAYFLOWER LANE
3273,LORONG TUKANG EMPAT
3274,BEDOK CLOSE
3275,JALAN ANGKLONG
3276,DEFU LANE 5
3277,BISHAN ROAD
3278,ABINGDON ROAD
3279,UPPER NERAM ROAD
3280,LORONG BUANG KOK KECHIL
3281,WEE NAM ROAD
3282,BEGONIA LANE
3283,LIM CHU KANG LANE 1
3284,CHANGI BUSINESS PARK VISTA
3285,PENNEFATHER ROAD
3286,SHAMAH TERRACE
3287,HOUGANG STREET 13
3288,HAY MARKET
3289,JOAN ROAD
3290,HOLLAND RISE
3291,JAMAICA ROAD
3292,PUNGGOL ROAD - TRACK 10
3293,JERVOIS LANE
3294,WILMONAR AVENUE
3295,BHAMO ROAD
3296,VISTA TERRACE
3297,MOUNT ROSIE ROAD
3298,TAY LIAN TECK DRIVE
3299,KUALA LOYANG ROAD
3300,JALAN INSAF
3301,FUDU WALK
3302,ERNANI STREET
3303,GREENWOOD WALK
3304,OXFORD STREET
3305,KOVAN CLOSE
3306,CLUNY PARK
3307,JALAN NOVENA TIMOR
3308,JALAN GENENG
3309,HARDING ROAD
3310,TAMAN BEDOK
3311,WEST COAST FERRY ROAD
3312,MAS KUNING TERRACE
3313,EAST SUSSEX LANE
3314,LILAC DRIVE
3315,PHOENIX RISE
3316,JALAN TELAWI
3317,NAMLY CLOSE
3318,NORTHPOINT DRIVE
3319,CREATE WAY
3320,CARISBROOKE GROVE
3321,JALAN MAYAANAM
3322,PASIR RIS COAST IND PARK 3
3323,FOURTH STREET
3324,LYNWOOD GROVE
3325,SERENADE WALK
3326,TUAS VIEW LANE
3327,SELETAR AEROSPACE ROAD 1
3328,COOLING CLOSE
3329,LUXUS HILL VIEW
3330,LORONG CHENG LIM
3331,CASHEW LINK
3332,PASIR RIS LANE
3333,IMBIAH WALK
3334,LAMBETH WALK
3335,JALAN SUNGEI POYAN
3336,PASIR RIS VIEW
3337,HILLVIEW DRIVE
3338,KLOOF ROAD
3339,SUSSEX GARDEN
3340,WESTBOURNE ROAD
3341,BEACH LANE
3342,SIGLAP CLOSE
3343,ASIMONT LANE
3344,PARADISE ISLAND
3345,CORNWALL GARDENS
3346,KIM CHUAN AVENUE
3347,CHANGI COAST WALK
3348,SECOND AVENUE
3349,LEITH PARK
3350,TAI HWAN CLOSE
3351,COLLEGE AVENUE EAST
3352,JALAN NURI
3353,JALAN JELITA
3354,COVE AVENUE
3355,CAMBORNE ROAD
3356,JALAN KESOMA
3357,LORONG 38 GEYLANG
3358,LERMIT ROAD
3359,CORONATION WALK
3360,HAWKINS ROAD
3361,PULAU BUKOM KECHIL
3362,SUNDRIDGE PARK ROAD
3363,SERANGOON GARDEN RISE
3364,TUAS VIEW WALK 2
3365,ROBIN LANE
3366,JALAN TODAK
3367,KALLANG WAY 2
3368,AMBER CLOSE
3369,AMA KENG ROAD
3370,SERAYA ROAD
3371,MUNSHI ABDULLAH WALK
3372,PARKSTONE ROAD
3373,JALAN PAKIS
3374,CHIN TERRACE
3375,ULU PANDAN ROAD
3376,GOLDHILL RISE
3377,TOH STREET
3378,SARACA WALK
3379,CASUARINA WALK
3380,BUKIT TIMAH AVENUE
3381,LORONG SESUAI
3382,BARTLEY WALK
3383,MUSWELL HILL
3384,EMPRESS PLACE
3385,JOO YEE ROAD
3386,MURAI FARMWAY
3387,BUKIT ARANG ROAD
3388,JALAN SAPPAN
3389,WATTEN PARK
3390,ANGSANA AVENUE
3391,TOH TUCK TERRACE
3392,NUTMEG ROAD
3393,SALLIM ROAD
3394,MALCOLM PARK
3395,ROSS AVENUE
3396,OMAR KHAYYAM AVENUE
3397,TUAS SOUTH LANE
3398,LORONG 4 BUKIT GOMBAK
3399,JALAN KORBAN
3400,CHENCHARU CLOSE
3401,TUAS DRIVE 1
3402,WOODLANDS INDUSTRIAL PARK E4
3403,CHUAN TERRACE
3404,KRAMAT ROAD
3405,MEDICAL DRIVE
3406,JALAN KHAIRUDDIN
3407,WOODGROVE VIEW
3408,TUAS LANE
3409,JALAN KANDIS
3410,PONGGOL TWENTY-FOURTH AVENUE
3411,CHENCHARU LINK
3412,SPRINGWOOD TERRACE
3413,ENGINEERING DRIVE 2
3414,LORONG A-LENG
3415,GEYLANG BAHRU LANE
3416,MAPLE LANE
3417,SELETAR EAST FARMWAY 2
3418,MAIDA VALE
3419,PASIR RIS DRIVE 12
3420,LAKESHORE VIEW
3421,TUAS WEST STREET
3422,GOLDHILL DRIVE
3423,JALAN PASIR RIA
3424,WATTEN DRIVE
3425,LIM CHU KANG LANE 3
3426,JALAN GOTONG ROYONG
3427,BO SENG AVENUE
3428,TUA KONG TERRACE
3429,TAMPINES NORTH DRIVE 3
3430,PEAKVILLE GROVE
3431,TUA KONG WALK
3432,BUKIT MERAH LANE 2
3433,OAKWOOD GROVE
3434,TAMPINES AVENUE 3
3435,MACALISTER ROAD
3436,GREENLEAF VIEW
3437,EASTWOOD PLACE
3438,SUNSET VIEW
3439,SEALAND ROAD
3440,DAHAN ROAD
3441,SELETAR SATELLITE STATION ROAD
3442,MERINO CRESCENT
3443,IRWELL HILL
3444,MAY ROAD
3445,SECOND STREET
3446,WINDSOR PARK HILL
3447,ENGKU AMAN TURN
3448,MOUNT SINAI PLAIN
3449,JALAN KUALA
3450,TANAH MERAH COAST ROAD
3451,CLUNY PARK ROAD
3452,EUNOS AVENUE 5B
3453,ELITE TERRACE
3454,CALSHOT ROAD
3455,LENTOR DRIVE
3456,LORONG SAKINAT
3457,SELETAR CLUB ROAD
3458,NIM CRESCENT
3459,JALAN LIMA
3460,SENNETT CLOSE
3461,LEYDEN HILL
3462,WOODLANDS INDUSTRIAL PARK E7
3463,TUAS SOUTH AVENUE 9
3464,SELETAR AEROSPACE HEIGHTS
3465,KAKI BUKIT ROAD 6
3466,JALAN TENGGIRI
3467,TAI KENG TERRACE
3468,ORCHARD SPRING LANE
3469,LARKHILL ROAD
3470,LORONG BEKUKONG
3471,LORNIE WALK
3472,SPRINGWOOD HEIGHT
3473,PEIRCE HILL
3474,JALAN AWANG
3475,TENG TONG ROAD
3476,JERVOIS HILL
3477,KING'S WALK
3478,LORONG AH SOO SELATAN
3479,BULIM LANE 2
3480,LLOYD GARDENS
3481,GROVE CRESCENT
3482,GREENVIEW CRESCENT
3483,COUNTRYSIDE WALK
3484,YUNNAN DRIVE 2
3485,JETTY ROAD
3486,SARACA DRIVE
3487,PAKISTAN ROAD
3488,JALAN RESAK
3489,PRINCESS ANN HILL
3490,WOODLANDS IND PARK D STREET 1
3491,YIO CHU KANG ROAD - TRACK 22
3492,SIREH PLACE
3493,FRANKEL WALK
3494,ST. XAVIER'S LANE
3495,PARRY ROAD
3496,JALAN MASHHOR
3497,LAGUNA GOLF GREEN
3498,CHENG SAN ROAD
3499,CEYLON LANE
3500,NAMLY HILL
3501,MARINA GARDENS DRIVE
3502,GOLDHILL PLACE
3503,SHEPHERDS DRIVE
3504,JALAN PASIRAN
3505,JALAN SAMPURNA
3506,SUNSET SQUARE
3507,HAPPY AVENUE NORTH
3508,CONWAY CIRCLE
3509,TEMENGGONG ROAD
3510,JALAN HAROM SETANGKAI
3511,FOO KIM LIN ROAD
3512,SELETAR CRESCENT
3513,ANDREW ROAD
3514,SUNSET WALK
3515,JALAN LABU MERAH
3516,VIEW ROAD
3517,SCHARFF ROAD
3518,BEGONIA CRESCENT
3519,ST. ANDREW'S ROAD
3520,TAMPINES AVENUE 2
3521,KAMPONG KAPOR ROAD
3522,GUL STREET 5
3523,PALAWAN BEACH WALK
3524,TRONOH ROAD
3525,MARINA GREEN
3526,DAIRY FARM WALK
3527,LORONG TAWAS
3528,GREENLEAF RISE
3529,JALAN BERAHI
3530,COURT ROAD
3531,JALAN KEBAYA
3532,YORK ROAD
3533,DUNMAN LANE
3534,ONRAET ROAD
3535,SUNGEI GEDONG ROAD
3536,SIT WAH ROAD
3537,ROBIN DRIVE
3538,SPRINGSIDE ROAD
3539,SUNGEI ROAD
3540,CYPRUS ROAD
3541,COUNTRYSIDE GROVE
3542,BINJAI RISE
3543,GARDEN AVENUE
3544,SIMEI AVENUE
3545,JALAN TERAP
3546,TOH TUCK DRIVE
3547,TOH TUCK CLOSE
3548,STRAITS BOULEVARD
3549,CRANWELL ROAD
3550,SELETAR WEST FARMWAY 8
3551,TOA PAYOH RISE
3552,LORONG RAPAT
3553,DAKOTA CLOSE
3554,JALAN ENAM
3555,WOODSVILLE ROAD
3556,JALAN TUMPU
3557,CHANGI EAST CLOSE
3558,JALAN MAJAPAHIT
3559,JALAN LANA
3560,SERANGOON GARDEN DRIVE
3561,BUKIT WAY
3562,JALAN AZAM
3563,TAN SIM BOH ROAD
3564,BUANGKOK NORTH FARMWAY 2
3565,SWISS COTTAGE ESTATE
3566,SENTOSA EAST MALL
3567,LORONG TUKANG DUA
3568,JALAN RAHMAT
3569,NEO TIEW LANE 1
3570,DAVIDSON ROAD
3571,RADIN MAS
3572,STOCKPORT ROAD
3573,JALAN RIA
3574,PANG SENG ROAD
3575,SETON CLOSE
3576,MAYFLOWER AVENUE
3577,LENTOR LINK
3578,FARQUHAR STREET
3579,BAH TAN ROAD
3580,KENANGA AVENUE
3581,LI HWAN PLACE
3582,LUCKY RISE
3583,GALISTAN AVENUE
3584,PUNGGOL COAST ROAD
3585,HU CHING ROAD
3586,SUNVIEW WAY
3587,MOUNT ROSIE TERRACE
3588,JALAN MENGKUDU
3589,MORETON CLOSE
3590,SCIENCE DRIVE 2
3591,SELARANG RING ROAD
3592,TANAH MERAH FERRY ROAD
3593,TEOW HOCK AVENUE
3594,KAMPONG BAHRU HILL
3595,WOODLANDS STREET 12
3596,HYDERABAD ROAD
3597,SUNSET GROVE
3598,THE KNOLLS
3599,MORSE ROAD
3600,CHOA CHU KANG WAY
3601,PEARL'S HILL ROAD
3602,TUAS SOUTH WALK
3603,MUGLISTON WALK
3604,OPHIR ROAD
3605,FUDU PARK
3606,GREENWOOD PLACE
3607,SUNSET VALE
3608,TAI KENG LANE
3609,NEPAL PARK
3610,GRACE PARK
3611,RINGWOOD ROAD
3612,JALAN REBANA
3613,HALIFAX ROAD
3614,ENGKU AMAN ROAD
3615,BULIM STREET
3616,JAMBOL WALK
3617,COMPUTING DRIVE
3618,LORONG 4 REALTY PARK
3619,KISMIS ROAD
3620,LIM CHU KANG LANE 1A
3621,NORTH BOAT QUAY
3622,LORONG DANAU
3623,NAROOMA ROAD
3624,WOODLANDS NORTH COAST ROAD
3625,TAN BOON CHONG AVENUE
3626,STADIUM DRIVE
3627,PEARL ISLAND
3628,IMBIAH ROAD
3629,ANGUS STREET
3630,FORT CANNING ROAD
3631,WILTSHIRE ROAD
3632,TANGLIN WALK
3633,TOH TUCK RISE
3634,GREENWOOD TERRACE
3635,PASAR LANE
3636,YISHUN CENTRAL 2
3637,QUEEN'S AVENUE
3638,MIMOSA DRIVE
3639,JALAN JANGGUS
3640,HOSPITAL DRIVE
3641,BISHOPSWALK
3642,SUNBIRD AVENUE
3643,TORONTO ROAD
3644,GREENLEAF PLACE
3645,HILLSIDE TERRACE
3646,TOH TUCK AVENUE
3647,GIBRALTAR CRESCENT
3648,TOH CLOSE
3649,ROSYTH AVENUE
3650,FRANKEL PLACE
3651,PADANG CHANCERY
3652,SANDY ISLAND
3653,CREST ROAD
3654,LORONG SERAMBI
3655,DENHAM CLOSE
3656,TUAS SOUTH STREET 8
3657,RASOK DRIVE
3658,SELETAR WEST FARMWAY 9
3659,ISLAND CLUB ROAD
3660,HORSHAM ROAD
3661,KERAMAT ROAD
3662,SIN MING INDUSTRIAL EST SECTOR A
3663,PENDER ROAD
3664,TUAS SOUTH AVENUE 14
3665,DELHI ROAD
3666,CHESTNUT LANE
3667,HAPPY AVENUE WEST
3668,GROVE LANE
3669,JALAN PELANGI
3670,TENGAH CENTRAL
3671,LORONG NANGKA
3672,DAFFODIL DRIVE
3673,CHITTY ROAD
3674,TAI GIN LANE
3675,SELETAR WEST FARMWAY 3
3676,BULIM WALK
3677,SPRINGWOOD AVENUE
3678,VEERAGOO CLOSE
3679,SENTUL CRESCENT
3680,PORTSDOWN ROAD
3681,SUNSET CRESCENT
3682,KIAN TECK LANE
3683,KISMIS PLACE
3684,ASCOT RISE
3685,BUKIT AYER MOLEK
3686,YISHUN WALK
3687,GOLDHILL VIEW
3688,ARTILLERY AVENUE
3689,CROUCHER ROAD
3690,SELETAR AEROSPACE AVENUE
3691,LORONG AYAM JALAK
3692,BLACKMORE DRIVE
3693,HUA GUAN CRESCENT
3694,GREENWICH DRIVE
3695,LANCASTER GATE
3696,JALAN MEMPURONG
3697,ALMOND STREET
3698,GREENWOOD GROVE
3699,STRATTON ROAD
3700,LORONG BUNGA
3701,FARNBOROUGH ROAD
3702,WOODLANDS INDUSTRIAL PARK E8
3703,SIN MING INDUSTRIAL EST SECTOR B
3704,JALAN SOTONG
3705,KENT RIDGE ROAD
3706,TUAS LINK 4
3707,GALLOP ROAD
3708,JOHN ROAD
3709,TUAS AVENUE 7
3710,JALAN LYE KWEE
3711,WAN SHIH ROAD
3712,EQUESTRIAN WALK
3713,SWISS CLUB LANE
3714,CANTERBURY ROAD
3715,PASIR LABA ROAD
3716,TAMPINES PLACE
3717,DEAL ROAD
3718,KAMPONG SALABIN
3719,KENT RIDGE DRIVE
3720,NEO TIEW HARVEST LANE
3721,FIGARO GARDENS
3722,COSFORD ROAD
3723,TUA KONG PLACE
3724,BRIGHT HILL ROAD
3725,CHENG SOON LANE
3726,ST. JOHN'S ISLAND
3727,TAMPINES INDUSTRIAL AVENUE 1
3728,JALAN SAMARINDA
3729,VERNON PARK
3730,BERNARD STREET
3731,JURONG WEST STREET 23
3732,COVE GROVE
3733,WHITE HOUSE ROAD
3734,JALAN DONDANG SAYANG
3735,ARTS LINK
3736,KNIGHTS BRIDGE
3737,LENGKOK MERAK
3738,BUKIT BATOK ROAD
3739,DAIRY FARM CRESCENT
3740,MCNALLY STREET
3741,CHENG LIM FARMWAY 3
3742,CLUNY ROAD
3743,LORONG KECHAPI
3744,RAFFLES INSTITUTION LANE
3745,BRANI TERMINAL AVENUE
3746,LIM CHU KANG LANE 2
3747,VANDA DRIVE
3748,TAMPINES NORTH DRIVE 5
3749,STARS AVENUE
3750,SUNSET DRIVE
3751,FISH FARM ROAD 1
3752,RUTLAND ROAD
3753,SAKRA VIEW
3754,CABLE ROAD
3755,SWALLOW STREET
3756,COLLEGE AVENUE WEST
3757,YEW TEE VILLAGE
3758,CONNAUGHT DRIVE
3759,WILLOW AVENUE
3760,LORONG TALUKI
3761,NEW LOYANG LINK
3762,OLD LIM CHU KANG ROAD
3763,KAMPONG SOO POO
3764,LENGKOK ANGSA
3765,CHOA CHU KANG TRACK 14
3766,PEEL ROAD
3767,DUKE STREET
3768,STADIUM BOULEVARD
3769,LENTOR AVENUE
3770,HOBART ROAD
3771,CHENG LIM FARMWAY 5
3772,JURONG WEST STREET 63
3773,TAMAN SIREH
3774,TUAS SOUTH STREET 11
3775,JALAN BATALONG EAST
3776,CHESTNUT TERRACE
3777,MORLEY ROAD
3778,HOLLAND GROVE LANE
3779,EATON PLACE
3780,TUAS BAY LANE
3781,TAMPINES INDUSTRIAL STREET 62
3782,PUNGGOL BARAT LANE
3783,TAMPINES INDUSTRIAL AVENUE 3
3784,JALAN GALI BATU
3785,ANG MO KIO STREET 22
3786,CLACTON ROAD
3787,FALKLAND ROAD
3788,SUPREME COURT LANE
3789,DEDAP LINK
3790,LIM CHU KANG LANE 8
3791,ALLANBROOKE ROAD
3792,LIM CHU KANG LANE 4
3793,GREENPARK AVENUE
3794,ANG MO KIO STREET 53
3795,SAKRA PLACE
3796,SERANGOON GARDEN TERRACE
3797,MEI HWAN ROAD
3798,LORONG 5 REALTY PARK
3799,LOYANG WAY 2
3800,DRYBURGH AVENUE
3801,WALLACE WAY
3802,VANDA AVENUE
3803,WOODLANDS IND PARK D STREET 2
3804,KAMPONG AMBER
3805,MERANTI AVENUE
3806,TEMBUSU AVENUE
3807,RIVERVALE CLOSE
3808,THIRD HOSPITAL AVENUE
3809,BANYAN PLACE
3810,OLD PIER ROAD
3811,KEW LANE
3812,PASIR RIS GREEN
3813,CHIN CHENG AVENUE
3814,OAK AVENUE
3815,BUKIT PURMEI
3816,BANYAN ROAD
3817,SWISS CLUB AVENUE
3818,SEA BREEZE GROVE
3819,PULAU TEKONG KECHIL
3820,FLORIDA ROAD
3821,NEO TIEW LANE 3
3822,MERANTI ROAD
3823,JALAN KEMBANG MELATI
3824,TUAS SOUTH LINK 3
3825,MARSILING AVENUE
3826,TERUSAN EDGE
3827,MUSCAT STREET
3828,CARLTON AVENUE
3829,HOSPITAL CRESCENT
3830,STANGEE CLOSE
3831,CARNATION DRIVE
3832,BUSINESS LINK
3833,BOUNDARY CLOSE
3834,KAMPONG MANDAI KECHIL
3835,CANADA ROAD
3836,TUAS SOUTH LINK 4
3837,KEPPEL BAY VISTA
3838,BULIM LANE 1
3839,TOH TUCK LANE
3840,JALAN SEMERBAK
3841,LUDLOW PLACE
3842,BAKER STREET
3843,JALAN LEMBAH BEDOK
3844,NOVENA RISE
3845,JALAN KOLAM AYER
3846,JALAN CHORAK
3847,NANYANG TERRACE
3848,SWETTENHAM CLOSE
3849,NANYANG WALK
3850,LORONG 3 BUKIT GOMBAK
3851,TAMPINES LINK
3852,DUCHESS PLACE
3853,HOLLAND GROVE AVENUE
3854,MAYFLOWER DRIVE
3855,SCIENCE DRIVE 4
3856,TANGMERE ROAD
3857,FRANKEL CLOSE
3858,LORONG AH THIA
3859,SERAYA AVENUE
3860,TREASURE ISLAND
3861,KANDIS LANE
3862,JALAN BELIBAS
3863,CRICHTON CLOSE
3864,TAMPINES CONCOURSE
3865,TUKANG INNOVATION LANE
3866,BUKIT PURMEI AVENUE
3867,KANISHA MARICAN ROAD
3868,STARLIGHT TERRACE
3869,PASIR RIS INDUSTRIAL DRIVE 1
3870,JALAN TURI
3871,ENGINEERING DRIVE 1
3872,DIN PANG AVENUE
3873,ZUBIR SAID DRIVE
3874,PLYMOUTH AVENUE
3875,PICCADILLY CIRCUS
3876,LORONG KEMUNCHUP
3877,LENTOR ROAD
3878,COUNTRYSIDE LINK
3879,SARACA HILL
3880,HINDHEDE PLACE
3881,LIM CHU KANG LANE 5A
3882,SERAYA PLACE
3883,ANGSANA DRIVE
3884,HARVEY CLOSE
3885,ANG MO KIO STREET 54
3886,ANG MO KIO STREET 13
3887,GALLOP PARK
3888,CABLE CAR ROAD
3889,UPPER TOH TUCK TERRACE
3890,NEO TIEW HARVEST PLACE
3891,PENG NGUAN STREET
3892,SERANGOON GARDEN CLOSE
3893,LIM CHU KANG ROAD - TRACK 3
3894,VICTORIA PARK CLOSE
3895,TUAS SOUTH AVENUE 4
3896,HAMILTON PLACE
3897,TUAS BAY LINK
3898,HONG SAN TERRACE
3899,WESTERN AVENUE
3900,JALAN LOYANG KECHIL
3901,GOMBAK DRIVE
3902,JALAN MURAI
3903,BRANI WAY
3904,FERNHILL CLOSE
3905,ST. MARTIN LANE
3906,ENGINEERING DRIVE 4
3907,SHERWOOD ROAD
3908,TUAS SOUTH STREET 9
3909,ANG MO KIO RISE
3910,WELLINGTON ROAD
3911,NANYANG LINK
3912,SELETAR EAST FARMWAY 4
3913,LORONG 23A GEYLANG
3914,MAYFLOWER CRESCENT
3915,NORTHUMBERLAND ROAD
3916,TURNHOUSE ROAD
3917,CAMP ROAD
3918,SELETAR EAST FARMWAY 6
3919,MERLIMAU PLACE
3920,DEPOT WALK
3921,PASIR RIS DRIVE 2
3922,TEMBELING LANE
3923,AUCKLAND ROAD EAST
3924,GOMBAK RISE
3925,STUDENTS WALK
3926,BRADDELL RISE
3927,WOOLLERTON DRIVE
3928,PARLIAMENT PLACE
3929,LIBRA DRIVE
3930,BULLER TERRACE
3931,TENGAH BOULEVARD
3932,JALAN TARI LILIN
3933,ST. WILFRED ROAD
3934,BROADRICK CLOSE
3935,TYERSALL ROAD
3936,BANYAN VIEW
3937,TANJONG RHU PLACE
3938,BULIM DRIVE
3939,ALJUNIED WALK
3940,MUSLIM CEMETERY PATH 17
3941,LENTOR GARDENS
3942,ENG KONG LANE
3943,PUNGGOL ROAD - TRACK 26
3944,HAMPSHIRE ROAD
3945,FIJI ROAD
3946,BANYAN DRIVE
3947,SORBY ADAMS DRIVE
3948,SAIBOO STREET
3949,OLD JURONG ROAD
3950,FRANCIS THOMAS DRIVE
3951,PESAWAT DRIVE
3952,SERANGOON LANE
3953,TUAS NEXUS DRIVE
3954,TAI GIN ROAD
3955,HAVELOCK SQUARE
3956,OTTAWA ROAD
3957,TELOK PAKU ROAD
3958,BUANGKOK NORTH FARMWAY 1
3959,JURONG CRESCENT
3960,SUNGEI TENGAH CLOSE
3961,LOYANG TERRACE
3962,LIM CHU KANG ROAD - TRACK 10
3963,BEATTY LANE
3964,SHALLOT LANE
3965,GATEWAY AVENUE
3966,ARCHITECTURE DRIVE
3967,JALAN PIALA
3968,LAGOS CIRCLE
3969,TANJONG BERLAYER
3970,POLLEN PLACE
3971,WITTERING ROAD
3972,KHALSA CRESCENT
3973,BEAULIEU ROAD
3974,REFINERY ROAD
3975,EAST CHURCH ROAD
3976,MONTREAL ROAD
3977,NORTH PERIMETER ROAD
3978,TUAS VIEW DRIVE
3979,PEI WAH AVENUE
3980,SIN MING PLACE
3981,KERONG WALK
3982,SIME PARK HILL
3983,TUAS VIEW LINK
3984,WOODLANDS DRIVE 64
3985,TECK WHYE WALK
3986,SOLOMON STREET
3987,TECHNOLOGY DRIVE
3988,BUSINESS PARK DRIVE
3989,PASIR RIS CRESCENT
3990,NICOLL DRIVE
3991,BERKSHIRE ROAD
3992,LORONG TUKOL
3993,AVIATION PARK ROAD
3994,TEMBUSU CRESCENT
3995,JALAN MENDAKI
3996,BANYAN AVENUE
3997,LIEN YING CHOW DRIVE
3998,MALTA CRESCENT
3999,KENYA CRESCENT
4000,JALAN GEMALA 2
4001,MINDEN ROAD
4002,ST. JOHN'S CRESCENT
4003,ELM AVENUE
4004,MERLIMAU ROAD
4005,BRICKLAND ROAD
4006,ANG MO KIO STREET 12
4007,SELETAR GREEN AVENUE
4008,SIGLAP VALLEY
4009,PASIR RIS COAST IND PARK 4
4010,LILAC ROAD
4011,STADIUM LANE
4012,CHUAN LANE
4013,CARLTON WALK
4014,BULIM LINK
4015,HOUGANG STREET 93
4016,LORONG PANCHAR
4017,PULAU MERLIMAU
4018,LIGHTHOUSE BEACH WALK
4019,WOODLANDS AVENUE 8
4020,TUA KONG GREEN
4021,CHANGI FERRY ROAD
4022,ANG MO KIO STREET 42
4023,DURBAN ROAD
4024,KRANJI CLOSE
4025,OLD TAMPINES ROAD
4026,MARTLESHAM ROAD
4027,TAMPINES INDUSTRIAL STREET 61
4028,STAGMONT ROAD
4029,CONSERVATORY DRIVE
4030,SHEPHERD'S DRIVE
4031,LANCASTER ROAD
4032,KUSU ISLAND
4033,MOON CRESCENT
4034,GOSPORT ROAD
4035,LORONG BISTARI
4036,BEDOK JUNCTION
4037,PIONEER TURN
4038,TYERSALL AVENUE
4039,CATTERICK ROAD
4040,SECOND HOSPITAL AVENUE
